Identifier	DNA_Length	AA_Length
GCF_000006175.1_ASM617v2_genomic	1936387	1462386
GCF_000006805.1_ASM680v1_genomic	2571010	4461770
GCF_000007005.1_ASM700v1_genomic	2992245	2345240
GCF_000007065.1_ASM706v1_genomic	4096345	4505295
GCF_000007185.1_ASM718v1_genomic	1694969	2616066
GCF_000007225.1_ASM722v1_genomic	2222430	2584409
GCF_000007305.1_ASM730v1_genomic	1908256	1869991
GCF_000007345.1_ASM734v1_genomic	5751492	6538743
GCF_000008265.1_ASM826v1_genomic	1545895	1459905
GCF_000008645.1_ASM864v1_genomic	1751377	2054050
GCF_000008665.1_ASM866v1_genomic	2178400	2710703
GCF_000009185.1_ASM918v1_genomic	3179361	3940328
GCF_000009965.1_ASM996v1_genomic	2088737	2658159
GCF_000011005.1_ASM1100v1_genomic	2957635	4068177
GCF_000011085.1_ASM1108v1_genomic	4274642	6946837
GCF_000011105.1_ASM1110v1_genomic	1738505	1631935
GCF_000011125.1_ASM1112v1_genomic	1669696	2030448
GCF_000011185.1_ASM1118v1_genomic	1584804	1557789
GCF_000011205.1_ASM1120v1_genomic	2694756	1969028
GCF_000011585.1_ASM1158v1_genomic	1661137	1509669
GCF_000012285.1_ASM1228v1_genomic	2225959	1750643
GCF_000012545.1_ASM1254v1_genomic	1767403	1339364
GCF_000013445.1_ASM1344v1_genomic	3544738	4159236
GCF_000013725.1_ASM1372v1_genomic	2575032	2767240
GCF_000014945.1_ASM1494v1_genomic	1879471	2629081
GCF_000015145.1_ASM1514v1_genomic	1667163	1922168
GCF_000015205.1_ASM1520v1_genomic	1826402	2098377
GCF_000015225.1_ASM1522v1_genomic	1813393	2446448
GCF_000015765.1_ASM1576v1_genomic	1804962	2533695
GCF_000015805.1_ASM1580v1_genomic	2009313	2726327
GCF_000015825.1_ASM1582v1_genomic	2478095	4086040
GCF_000015945.1_ASM1594v1_genomic	1570485	1282272
GCF_000016125.1_ASM1612v1_genomic	1789046	1624285
GCF_000016385.1_ASM1638v1_genomic	2121076	2743269
GCF_000016525.1_ASM1652v1_genomic	1853160	1438715
GCF_000017165.1_ASM1716v1_genomic	1720048	1429698
GCF_000017185.1_ASM1718v1_genomic	1569500	1356019
GCF_000017225.1_ASM1722v1_genomic	1772694	1618629
GCF_000017625.1_ASM1762v1_genomic	2542943	3838784
GCF_000017945.1_ASM1794v1_genomic	1297538	1741918
GCF_000018305.1_ASM1830v1_genomic	2077567	1586844
GCF_000018365.1_ASM1836v1_genomic	1847607	2301635
GCF_000018465.1_ASM1846v1_genomic	1645259	1476344
GCF_000018485.1_ASM1848v1_genomic	1744193	1596884
GCF_000019605.1_ASM1960v1_genomic	1590757	1649322
GCF_000019805.1_ASM1980v1_genomic	1769823	2504198
GCF_000020905.1_ASM2090v1_genomic	1365223	1291053
GCF_000021965.1_ASM2196v1_genomic	2922917	4241294
GCF_000022205.1_ASM2220v1_genomic	3692576	6268137
GCF_000022365.1_ASM2236v1_genomic	2045438	2676601
GCF_000022385.1_ASM2238v1_genomic	2736272	2105080
GCF_000022405.1_ASM2240v1_genomic	2608832	2007235
GCF_000022425.1_ASM2242v1_genomic	2692402	2066899
GCF_000022445.1_ASM2244v1_genomic	2586647	1986505
GCF_000022465.1_ASM2246v1_genomic	2702058	2103686
GCF_000022485.1_ASM2248v1_genomic	2854410	2219035
GCF_000022545.1_ASM2254v1_genomic	1845800	1848098
GCF_000023945.1_ASM2394v1_genomic	3116795	5304479
GCF_000023965.1_ASM2396v1_genomic	3332349	5867079
GCF_000023985.1_ASM2398v1_genomic	1507251	1242099
GCF_000024185.1_ASM2418v1_genomic	2937203	2317303
GCF_000024305.1_ASM2430v1_genomic	2748637	2121601
GCF_000024625.1_ASM2462v1_genomic	1761737	1465258
GCF_000024745.1_ASM2474v1_genomic	2668974	2102129
GCF_000025285.1_ASM2528v1_genomic	1563423	1607197
GCF_000025325.1_ASM2532v1_genomic	5440782	9372189
GCF_000025505.1_ASM2550v1_genomic	2196266	2561433
GCF_000025525.1_ASM2552v1_genomic	1773136	1425518
GCF_000025625.1_ASM2562v1_genomic	4443643	7426001
GCF_000025665.1_ASM2566v1_genomic	1486778	1570277
GCF_000025685.1_ASM2568v1_genomic	4012900	6978966
GCF_000025865.1_ASM2586v1_genomic	2012424	2352935
GCF_000026045.1_ASM2604v1_genomic	2749696	4712988
GCF_000063445.1_ASM6344v1_genomic	3179916	4371146
GCF_000069025.1_ASM6902v1_genomic	2668776	4617912
GCF_000091665.1_ASM9166v1_genomic	1739912	1379713
GCF_000092185.1_ASM9218v1_genomic	1316595	1336745
GCF_000092305.1_ASM9230v1_genomic	1328194	988243
GCF_000092465.1_ASM9246v1_genomic	1580347	1319833
GCF_000144915.1_ASM14491v1_genomic	1496453	1796241
GCF_000145295.1_ASM14529v1_genomic	1639134	1902321
GCF_000147875.1_ASM14787v1_genomic	2843290	3700074
GCF_000148385.1_ASM14838v1_genomic	2374137	2154836
GCF_000151085.1_ASM15108v1_genomic	2973010	3134886
GCF_000151105.2_ASM15110v2_genomic	2064237	2176590
GCF_000151205.2_ASM15120v2_genomic	2086428	2819378
GCF_000151225.1_ASM15122v1_genomic	1727775	1348567
GCF_000151245.1_ASM15124v1_genomic	1704865	1332790
GCF_000152265.2_ASM15226v2_genomic	1935198	1887722
GCF_000166095.1_ASM16609v1_genomic	1243342	1069288
GCF_000172995.2_ASM17299v2_genomic	3944467	6434582
GCF_000175555.1_ASM17555v1_genomic	2680462	2026960
GCF_000179575.2_ASM17957v2_genomic	1677455	1400520
GCF_000186365.1_ASM18636v1_genomic	1314639	1510485
GCF_000187225.1_ASM18722v1_genomic	4284805	7318501
GCF_000189555.1_ASM18955v1_genomic	2522992	1947064
GCF_000189575.1_ASM18957v1_genomic	2655198	2040989
GCF_000189795.1_ASM18979v2_genomic	1782572	1387147
GCF_000189815.1_ASM18981v2_genomic	1797373	1400377
GCF_000189835.1_ASM18983v2_genomic	1791997	1400037
GCF_000189855.1_ASM18985v2_genomic	1794702	1396448
GCF_000189895.1_ASM18989v2_genomic	1713264	1330936
GCF_000189915.1_ASM18991v2_genomic	1952171	1478267
GCF_000189935.1_ASM18993v2_genomic	2008979	1520377
GCF_000189955.1_ASM18995v2_genomic	1965064	1487970
GCF_000189975.1_ASM18997v2_genomic	1973030	1494576
GCF_000189995.1_ASM18999v2_genomic	1889378	1420386
GCF_000190015.1_ASM19001v2_genomic	1886020	1416964
GCF_000190035.1_ASM19003v2_genomic	1910054	1435993
GCF_000190055.1_ASM19005v2_genomic	1992157	1496619
GCF_000190075.1_ASM19007v2_genomic	1972498	1484657
GCF_000190095.1_ASM19009v2_genomic	1978848	1487704
GCF_000190115.1_ASM19011v2_genomic	2011683	1510953
GCF_000190135.1_ASM19013v2_genomic	1975004	1485329
GCF_000190155.1_ASM19015v2_genomic	1869210	1405938
GCF_000190175.1_ASM19017v2_genomic	1818239	1413620
GCF_000190315.1_ASM19031v1_genomic	2298983	1989037
GCF_000191585.1_ASM19158v1_genomic	2583753	2318280
GCF_000193375.1_ASM19337v1_genomic	1936063	2792340
GCF_000194625.1_ASM19462v1_genomic	1901943	2359614
GCF_000195895.1_ASM19589v1_genomic	4873766	4953765
GCF_000195915.1_ASM19591v1_genomic	1564906	1880701
GCF_000195935.2_ASM19593v2_genomic	1768562	1769944
GCF_000196655.1_ASM19665v1_genomic	2406232	2331442
GCF_000196895.1_ASM19689v1_genomic	3592063	6025711
GCF_000204415.1_ASM20441v1_genomic	3026645	3967154
GCF_000204925.1_ASM20492v1_genomic	1840348	1525058
GCF_000211475.1_ASM21147v1_genomic	1861320	1869919
GCF_000213215.1_ASM21321v1_genomic	2137654	1635692
GCF_000214415.1_ASM21441v1_genomic	1854197	1613027
GCF_000214725.1_ASM21472v1_genomic	2546541	2304304
GCF_000215915.2_HLRTI_V2_genomic	3146564	5301921
GCF_000215995.1_ASM21599v1_genomic	1716818	2113677
GCF_000217715.1_ASM21771v1_genomic	4355268	7626612
GCF_000217995.1_ASM21799v1_genomic	2138444	2219464
GCF_000220175.1_ASM22017v1_genomic	1607695	1350793
GCF_000220645.1_ASM22064v1_genomic	1746693	1580361
GCF_000221185.1_ASM22118v1_genomic	2011320	2799705
GCF_000223395.1_ASM22339v1_genomic	1843267	2222042
GCF_000223905.1_ASM22390v1_genomic	3890005	6495368
GCF_000226975.2_ASM22697v3_genomic	4381543	7733864
GCF_000230715.2_ASM23071v3_genomic	3788356	6512405
GCF_000230735.2_ASM23073v3_genomic	4354100	7460933
GCF_000230955.2_ASM23095v3_genomic	3162560	5560414
GCF_000231015.2_ASM23101v3_genomic	1384116	1288650
GCF_000234805.1_ASM23480v1_genomic	2467972	3275438
GCF_000235565.1_ASM23556v1_genomic	2571034	4010523
GCF_000237865.1_ASM23786v1_genomic	3260476	4019304
GCF_000241145.1_ASM24114v2_genomic	1855557	1542101
GCF_000242875.2_ASM24287v3_genomic	1572953	1356753
GCF_000243255.1_ASM24325v1_genomic	3200246	3489337
GCF_000243315.1_ASM24331v1_genomic	2807550	2925394
GCF_000243455.1_ASM24345v2_genomic	1818779	1613374
GCF_000245095.1_ASM24509v2_genomic	2645252	2026681
GCF_000245115.1_ASM24511v2_genomic	2680814	2074562
GCF_000245135.1_ASM24513v2_genomic	2635808	2026774
GCF_000245155.1_ASM24515v2_genomic	2680985	2074211
GCF_000245175.1_ASM24517v2_genomic	2601131	1999768
GCF_000245195.1_ASM24519v2_genomic	2608310	2004290
GCF_000245215.1_ASM24521v2_genomic	2664783	2042633
GCF_000245235.1_ASM24523v2_genomic	2589840	1988744
GCF_000245255.1_ASM24525v2_genomic	2694762	2071746
GCF_000245275.1_ASM24527v2_genomic	2637559	2025123
GCF_000246985.2_ASM24698v3_genomic	2215128	2378051
GCF_000251105.1_ASM25110v1_genomic	2378438	3003074
GCF_000253055.1_ASM25305v1_genomic	1841542	2424813
GCF_000258425.1_ASM25842v1_genomic	1319206	1222794
GCF_000258515.1_TheZil1.0_genomic	1764559	2357964
GCF_000259215.1_ASM25921v1_genomic	3383677	5869011
GCF_000263735.1_ASM26373v1_genomic	1736885	1768595
GCF_000264495.1_ASM26449v1_genomic	1356318	1667335
GCF_000265525.1_ASM26552v1_genomic	1950313	2688609
GCF_000275605.1_ASM27560v1_genomic	1909817	1870726
GCF_000275865.1_ASM27586v1_genomic	2474500	3982614
GCF_000281695.1_ASM28169v1_genomic	3793611	6556733
GCF_000283335.1_162.HSB1.1_genomic	4492306	7624088
GCF_000296615.1_ASM29661v1_genomic	3167951	5653159
GCF_000299365.1_ASM29936v1_genomic	1639964	1481960
GCF_000299395.1_ASM29939v1_genomic	1690905	1467634
GCF_000300255.2_ASM30025v2_genomic	1666792	2548121
GCF_000302455.1_ASM30245v1_genomic	2684267	2451725
GCF_000303155.1_ASM30315v1_genomic	2833868	3565858
GCF_000304355.2_Mb_MS2_genomic	2789774	4392468
GCF_000306765.2_ASM30676v2_genomic	3904707	6458586
GCF_000308215.1_ASM30821v1_genomic	2620233	4098721
GCF_000317795.1_ASM31779v1_genomic	1546846	1147979
GCF_000320505.1_ASM32050v2_genomic	2045800	1433030
GCF_000327485.1_ASM32748v1_genomic	2820858	4300618
GCF_000327505.1_ASM32750v1_genomic	1437090	1744816
GCF_000328285.1_Haloferax_sp._BAB2207_V.1_genomic	3744644	6511846
GCF_000328525.1_ASM32852v1_genomic	3223876	5625224
GCF_000328665.1_ASM32866v1_genomic	2714013	2970388
GCF_000328685.1_ASM32868v1_genomic	4314118	7515617
GCF_000328925.1_NAR_genomic	3441569	3034351
GCF_000328945.1_NSJ_genomic	1650825	1490444
GCF_000334895.1_ASM33489v1_genomic	3476727	6168259
GCF_000336615.1_ASM33661v1_genomic	4225259	6999456
GCF_000336635.1_ASM33663v1_genomic	4280272	6965005
GCF_000336655.1_ASM33665v1_genomic	4338467	7659194
GCF_000336675.1_ASM33667v1_genomic	3418958	5939967
GCF_000336695.1_ASM33669v1_genomic	2991279	5137148
GCF_000336715.1_ASM33671v1_genomic	4052020	6713328
GCF_000336735.1_ASM33673v1_genomic	3649177	6425089
GCF_000336755.1_ASM33675v1_genomic	3952083	6648872
GCF_000336775.1_ASM33677v1_genomic	4057202	7096302
GCF_000336795.1_ASM33679v1_genomic	3619007	6379916
GCF_000336815.1_ASM33681v1_genomic	3998686	6989798
GCF_000336835.1_ASM33683v1_genomic	3598159	6363156
GCF_000336855.1_ASM33685v1_genomic	3609421	6380763
GCF_000336875.1_ASM33687v1_genomic	3682666	6380309
GCF_000336915.1_ASM33691v1_genomic	3449645	5974429
GCF_000336935.1_ASM33693v1_genomic	4199493	7190968
GCF_000336955.1_ASM33695v1_genomic	3697838	6314333
GCF_000336975.1_ASM33697v1_genomic	3586955	6345322
GCF_000336995.1_ASM33699v1_genomic	3108461	5520528
GCF_000337015.1_ASM33701v1_genomic	3382448	5925727
GCF_000337035.1_ASM33703v1_genomic	3645186	6338597
GCF_000337055.1_ASM33705v1_genomic	3307230	5865216
GCF_000337075.1_ASM33707v1_genomic	3037471	5473824
GCF_000337095.1_ASM33709v1_genomic	4384402	7687336
GCF_000337115.1_ASM33711v1_genomic	3895148	6817347
GCF_000337135.1_ASM33713v1_genomic	4309063	7075965
GCF_000337155.1_ASM33715v1_genomic	3774867	6563808
GCF_000337175.1_ASM33717v1_genomic	4023548	6908484
GCF_000337195.1_ASM33719v1_genomic	4190707	7206865
GCF_000337215.1_ASM33721v1_genomic	4588520	8000069
GCF_000337235.1_ASM33723v1_genomic	4926733	8350904
GCF_000337255.1_ASM33725v1_genomic	1615991	2560002
GCF_000337275.1_ASM33727v1_genomic	4405164	7108857
GCF_000337295.1_ASM33729v1_genomic	3894540	6441134
GCF_000337315.1_ASM33731v1_genomic	3866639	6741705
GCF_000337335.1_ASM33733v1_genomic	3306010	5864380
GCF_000337355.1_ASM33735v1_genomic	3619596	6325385
GCF_000337375.1_ASM33737v1_genomic	3424955	6120289
GCF_000337395.1_ASM33739v1_genomic	3137642	5634758
GCF_000337415.1_ASM33741v1_genomic	3328771	5905629
GCF_000337435.1_ASM33743v1_genomic	3376034	5985423
GCF_000337455.1_ASM33745v1_genomic	4694809	8360272
GCF_000337475.1_ASM33747v1_genomic	3521868	5877279
GCF_000337495.1_ASM33749v1_genomic	4841406	8455336
GCF_000337515.1_ASM33751v1_genomic	3238424	5663385
GCF_000337535.1_ASM33753v1_genomic	4618250	7773142
GCF_000337555.1_ASM33755v1_genomic	4404084	7465493
GCF_000337575.1_ASM33757v1_genomic	4159515	7011886
GCF_000337595.1_ASM33759v1_genomic	4634931	7737867
GCF_000337615.1_ASM33761v1_genomic	3915591	6722428
GCF_000337635.1_ASM33763v1_genomic	4264273	7306301
GCF_000337655.1_ASM33765v1_genomic	3693819	6345172
GCF_000337675.1_ASM33767v1_genomic	4416382	7669618
GCF_000337695.1_ASM33769v1_genomic	4495822	7709545
GCF_000337715.1_ASM33771v1_genomic	4111115	6804965
GCF_000337735.1_ASM33773v1_genomic	3460192	5841050
GCF_000337755.1_ASM33775v1_genomic	4404932	7118166
GCF_000337775.1_ASM33777v1_genomic	3923205	6470062
GCF_000337795.1_ASM33779v1_genomic	3825973	6724789
GCF_000337815.1_ASM33781v1_genomic	3368982	5720350
GCF_000337835.1_ASM33783v1_genomic	3812428	6701928
GCF_000337855.1_ASM33785v1_genomic	3928440	6405019
GCF_000337875.1_ASM33787v1_genomic	4416189	7377672
GCF_000337895.1_ASM33789v1_genomic	3688595	6460624
GCF_000337915.1_ASM33791v1_genomic	3423570	6020861
GCF_000338775.1_ASM33877v1_genomic	2223983	1749288
GCF_000340315.1_ASM34031v1_genomic	2176362	1710745
GCF_000363885.1_MethanoVillo1.0_genomic	1207361	913914
GCF_000364745.1_ASM36474v1_genomic	2465177	1891536
GCF_000371805.1_ASM37180v1_genomic	1249385	950442
GCF_000376445.1_ASM37644v1_genomic	4317535	7369201
GCF_000376965.1_ASM37696v1_genomic	1686930	1451372
GCF_000379085.1_ASM37908v1_genomic	3605828	6297452
GCF_000383975.1_ASM38397v1_genomic	4934340	8367653
GCF_000385565.1_ASM38556v1_genomic	2076931	2344776
GCF_000400975.1_ASM40097v1_genomic	2431759	4239742
GCF_000403645.1_ASM40364v1_genomic	3255260	5849221
GCF_000404165.1_ASM40416v1_genomic	1998189	1397036
GCF_000404225.1_ASM40422v1_genomic	1931651	2008405
GCF_000421805.1_ASM42180v1_genomic	3591480	6226415
GCF_000427685.1_ASM42768v1_genomic	3797735	6555804
GCF_000430485.1_ASM43048v1_genomic	2164073	2402905
GCF_000430905.1_ASM43090v1_genomic	1702614	2416590
GCF_000446015.1_ASM44601v1_genomic	1750259	1974785
GCF_000455345.1_Halgo_genomic	3906156	6971351
GCF_000455365.1_HdjelfamassiliensisIIH2_genomic	3755243	6599704
GCF_000470655.1_HATI1_genomic	3146160	5326213
GCF_000474235.1_ASM47423v1_genomic	2628974	4630568
GCF_000485535.1_ASM48553v1_genomic	3637488	6062574
GCF_000493245.1_Nat_J71_genomic	3667624	6363345
GCF_000495475.1_Htyrrel1.0_genomic	3675087	6725759
GCF_000504205.1_ASM50420v1_genomic	3151879	3333649
GCF_000504565.1_ASM50456v2_genomic	3901495	6511259
GCF_000513315.1_ANOR1_genomic	2221071	1510363
GCF_000513435.1_HRSP_AJ67_genomic	2796819	4699671
GCF_000513855.1_ASM51385v1_genomic	1306998	1228685
GCF_000517445.1_ASM51744v1_genomic	1957742	1948898
GCF_000517625.1_ASM51762v1_genomic	4131176	6933618
GCF_000529525.1_Methanobrevibacter_oralis_JMR01_genomic	2083509	1473571
GCF_000585495.1_ASM58549v1_genomic	1976356	2635085
GCF_000591035.1_ASM59103v1_genomic	1595994	1948567
GCF_000591055.1_ASM59105v1_genomic	2912573	5052955
GCF_000621965.1_ASM62196v1_genomic	2038673	1313795
GCF_000632495.1_AciCop1.0_genomic	2454023	1886583
GCF_000685155.1_ANME2D_V10_genomic	3197373	3502206
GCF_000685395.1_NKMY2_genomic	1762967	1963922
GCF_000685635.1_ASM68563v1_genomic	3895364	6442243
GCF_000691505.1_ASM69150v2_genomic	3178450	5289433
GCF_000691865.1_MethMaris1.0_genomic	2542424	4126116
GCF_000698785.1_ASM69878v1_genomic	2527938	3604651
GCF_000700025.1_ASM70002v2_genomic	3282373	5753289
GCF_000710605.1_HTGA29.1_genomic	4131614	7179024
GCF_000710615.1_HAPD43.1_genomic	3926724	6413888
GCF_000711215.1_ASM71121v1_genomic	1711791	2314540
GCF_000711905.1_ASM71190v1_genomic	1511083	2225498
GCF_000723185.1_APF_1883_PRJEB4650_genomic	1636125	1853084
GCF_000723845.1_PRJEB5511_assembly_1_genomic	3893566	6837612
GCF_000725425.1_ASM72542v1_genomic	1859370	1875902
GCF_000730175.1_ASM73017v1_genomic	4223701	6961898
GCF_000730285.1_ASM73028v1_genomic	2954373	3984786
GCF_000731985.1_ASM73198v1_genomic	3774135	6566647
GCF_000734035.1_ASM73403v1_genomic	2316287	2849797
GCF_000739065.1_ASM73906v1_genomic	1607556	1280549
GCF_000739555.1_ASM73955v1_genomic	2955001	5330055
GCF_000739575.1_ASM73957v1_genomic	3852219	6595664
GCF_000739595.1_ASM73959v1_genomic	3677971	6300468
GCF_000744315.1_ASM74431v1_genomic	4064496	4468479
GCF_000744455.1_ASM74445v1_genomic	2490725	2076383
GCF_000745485.1_ASM74548v1_genomic	3365236	2746675
GCF_000746075.1_ASM74607v1_genomic	3392252	2762032
GCF_000746205.1_ASM74620v1_genomic	2767343	4861195
GCF_000747605.1_ASM74760v1_genomic	2189588	2171108
GCF_000755225.1_ASM75522v1_genomic	3451492	5958472
GCF_000755245.1_ASM75524v1_genomic	3764367	6307688
GCF_000762265.1_ASM76226v1_genomic	2449987	2443806
GCF_000765475.1_Mmet_Version1_genomic	2508511	2823962
GCF_000769655.1_ASM76965v1_genomic	2126164	2769282
GCF_000784335.1_ASM78433v1_genomic	4350698	7599790
GCF_000784355.1_Metpay_genomic	2785552	3649676
GCF_000800805.1_ASM80080v1_genomic	1488669	2027247
GCF_000802205.1_ASM80220v2_genomic	3430706	2756686
GCF_000812185.1_ASM81218v1_genomic	1232128	1076841
GCF_000813245.1_ASM81324v1_genomic	1754190	1975456
GCF_000816105.1_ASM81610v1_genomic	1920914	2478365
GCF_000824705.1_Methanobrevibacter_smithii_genomic	1718384	1347672
GCF_000827835.1_ASM82783v1_genomic	4225046	6993155
GCF_000828535.1_ASM82853v1_genomic	1858414	1681831
GCF_000828555.1_ASM82855v1_genomic	1749749	1582235
GCF_000828575.1_ASM82857v1_genomic	1731018	2025912
GCF_000875775.1_ASM87577v1_genomic	1713078	1515195
GCF_000949015.1_ASM94901v1_genomic	1747364	1586737
GCF_000955905.1_ASM95590v3_genomic	1620156	1784346
GCF_000956175.1_ASM95617v1_genomic	1803090	1547770
GCF_000966265.1_ASM96626v1_genomic	2206431	2910968
GCF_000968355.2_ASM96835v2_genomic	2727312	2149261
GCF_000968395.2_ASM96839v2_genomic	2727312	2149255
GCF_000968435.2_ASM96843v2_genomic	2727312	2149261
GCF_000969885.1_ASM96988v1_genomic	3127377	3334386
GCF_000969905.1_ASM96990v1_genomic	4563885	4707147
GCF_000969925.1_ASM96992v1_genomic	3130228	3344282
GCF_000969945.1_ASM96994v1_genomic	4553495	4712382
GCF_000969965.1_ASM96996v1_genomic	4137337	4566953
GCF_000969985.1_ASM96998v1_genomic	4907164	4989886
GCF_000970005.1_ASM97000v1_genomic	3914034	4341140
GCF_000970025.1_ASM97002v1_genomic	4574907	4643466
GCF_000970045.1_ASM97004v1_genomic	4211468	5254151
GCF_000970065.1_ASM97006v1_genomic	4487561	4563021
GCF_000970085.1_ASM97008v1_genomic	5017558	5742014
GCF_000970125.1_ASM97012v1_genomic	4941114	5671139
GCF_000970145.1_ASM97014v1_genomic	5427890	6159616
GCF_000970165.1_ASM97016v1_genomic	4096482	4490771
GCF_000970185.1_ASM97018v1_genomic	4066551	4476831
GCF_000970205.1_ASM97020v1_genomic	4142816	4544473
GCF_000970225.1_ASM97022v1_genomic	4154344	4552316
GCF_000970245.1_ASM97024v1_genomic	4166241	4567522
GCF_000970265.1_ASM97026v1_genomic	4139808	4587735
GCF_000970285.1_ASM97028v1_genomic	5018607	5422646
GCF_000970305.1_ASM97030v1_genomic	4560446	4582687
GCF_000970325.1_ASM97032v1_genomic	2394636	2796272
GCF_000978935.1_gtlEnvA5udCFS_genomic	4067732	4475323
GCF_000978945.1_gtlEnvA5udCFS_genomic	4072655	4482705
GCF_000978955.1_gtlEnvA5udCFS_genomic	4061783	4462529
GCF_000978965.1_gtlEnvA5udCFS_genomic	4164309	4561064
GCF_000979015.1_gtlEnvA5udCFS_genomic	3981512	4388162
GCF_000979025.1_gtlEnvA5udCFS_genomic	4013698	4428183
GCF_000979035.1_gtlEnvA5udCFS_genomic	4129439	4521646
GCF_000979045.1_gtlEnvA5udCFS_genomic	4121851	4518168
GCF_000979095.1_gtlEnvA5udCFS_genomic	4003367	4414437
GCF_000979105.1_gtlEnvA5udCFS_genomic	4048935	4448344
GCF_000979115.1_gtlEnvA5udCFS_genomic	3971272	4386280
GCF_000979125.1_gtlEnvA5udCFS_genomic	4072340	4477307
GCF_000979175.1_gtlEnvA5udCFS_genomic	4084784	4486770
GCF_000979185.1_gtlEnvA5udCFS_genomic	3988142	4385512
GCF_000979195.1_gtlEnvA5udCFS_genomic	4091047	4498482
GCF_000979205.1_gtlEnvA5udCFS_genomic	4232359	4607687
GCF_000979255.1_gtlEnvA5udCFS_genomic	4080746	4485989
GCF_000979265.1_gtlEnvA5udCFS_genomic	4187444	4604528
GCF_000979275.1_gtlEnvA5udCFS_genomic	4081675	4487714
GCF_000979295.1_gtlEnvA5udCFS_genomic	3841888	4382900
GCF_000979335.1_gtlEnvA5udCFS_genomic	4077722	4480955
GCF_000979345.1_gtlEnvA5udCFS_genomic	4198417	4612832
GCF_000979375.1_gtlEnvA5udCFS_genomic	4091453	4494633
GCF_000979385.1_gtlEnvA5udCFS_genomic	3906951	4439979
GCF_000979415.1_gtlEnvA5udCFS_genomic	4079738	4602188
GCF_000979425.1_gtlEnvA5udCFS_genomic	4083417	4615266
GCF_000979455.1_gtlEnvA5udCFS_genomic	4074383	4607897
GCF_000979475.1_gtlEnvA5udCFS_genomic	4069731	4601860
GCF_000979495.1_gtlEnvA5udCFS_genomic	4102127	4510068
GCF_000979505.1_gtlEnvA5udCFS_genomic	4077893	4478671
GCF_000979515.1_gtlEnvA5udCFS_genomic	4075980	4480151
GCF_000979555.1_gtlEnvA5udCFS_genomic	4078713	4484443
GCF_000979575.1_gtlEnvA5udCFS_genomic	4042355	4449135
GCF_000979585.1_gtlEnvA5udCFS_genomic	4028272	4429541
GCF_000979595.1_gtlEnvA5udCFS_genomic	4157382	4557212
GCF_000979635.1_gtlEnvA5udCFS_genomic	4159899	4557854
GCF_000979655.1_gtlEnvA5udCFS_genomic	4010396	4409824
GCF_000979665.1_gtlEnvA5udCFS_genomic	4109510	4501286
GCF_000979675.1_gtlEnvA5udCFS_genomic	3959459	4353926
GCF_000979685.1_gtlEnvA5udCFS_genomic	4123502	4510664
GCF_000979735.1_gtlEnvA5udCFS_genomic	4093088	4493940
GCF_000979745.1_gtlEnvA5udCFS_genomic	4005819	4412364
GCF_000979755.1_gtlEnvA5udCFS_genomic	4120526	4505551
GCF_000979765.1_gtlEnvA5udCFS_genomic	4125300	4521985
GCF_000979815.1_gtlEnvA5udCFS_genomic	3482976	3847044
GCF_000979825.1_gtlEnvA5udCFS_genomic	4091099	4487698
GCF_000979845.1_gtlEnvA5udCFS_genomic	3090867	3391895
GCF_000979855.1_gtlEnvA5udCFS_genomic	4053184	4451694
GCF_000979895.1_gtlEnvA5udCFS_genomic	3967638	4379425
GCF_000979915.1_gtlEnvA5udCFS_genomic	4044602	4448507
GCF_000979925.1_gtlEnvA5udCFS_genomic	4079528	4480079
GCF_000979935.1_gtlEnvA5udCFS_genomic	3997775	4394869
GCF_000979975.1_gtlEnvA5udCFS_genomic	3870494	4410941
GCF_000979995.1_gtlEnvA5udCFS_genomic	4006298	4404852
GCF_000980005.1_gtlEnvA5udCFS_genomic	4076602	4484480
GCF_000980025.1_gtlEnvA5udCFS_genomic	4063805	4467531
GCF_000980055.1_gtlEnvA5udCFS_genomic	4085193	4488614
GCF_000980075.1_gtlEnvA5udCFS_genomic	3977612	4378880
GCF_000980085.1_gtlEnvA5udCFS_genomic	4081406	4480898
GCF_000980105.1_gtlEnvA5udCFS_genomic	4079098	4477904
GCF_000980135.1_gtlEnvA5udCFS_genomic	4076911	4481345
GCF_000980155.1_gtlEnvA5udCFS_genomic	3971657	4371347
GCF_000980175.1_gtlEnvA5udCFS_genomic	4085119	4491033
GCF_000993805.1_ASM99380v1_genomic	1611988	1714511
GCF_001006045.1_ASM100604v1_genomic	1770093	2399124
GCF_001006085.1_ASM100608v1_genomic	1194057	1364584
GCF_001011115.1_ASM101111v1_genomic	2209738	3787446
GCF_001017125.1_ASM101712v1_genomic	2488374	4126329
GCF_001027005.1_ASM102700v1_genomic	2427191	2452489
GCF_001190965.1_ASM119096v1_genomic	3918454	6887993
GCF_001261915.1_Halorubrum_SD626R_genomic	3247879	5697229
GCF_001266655.1_ASM126665v1_genomic	2191533	2172977
GCF_001266675.1_ASM126667v1_genomic	2191529	2172936
GCF_001266695.1_ASM126669v1_genomic	2191531	2172877
GCF_001266715.1_ASM126671v1_genomic	2191533	2172875
GCF_001266735.1_ASM126673v1_genomic	2191533	2172867
GCF_001280425.1_ASM128042v1_genomic	3970968	6567315
GCF_001280455.1_ASM128045v1_genomic	3566951	6262483
GCF_001282785.1_halo7_genomic	2835858	5092087
GCF_001304615.2_ASM130461v2_genomic	3283688	3515683
GCF_001305655.1_ASM130565v1_genomic	2253500	3854347
GCF_001307315.1_Halpeg_cdk2_1_genomic	2972542	5304535
GCF_001315885.1_ASM131588v1_genomic	2279829	1575725
GCF_001315945.1_ASM131594v1_genomic	2686643	3784890
GCF_001316045.1_ASM131604v1_genomic	2214633	1843259
GCF_001316065.1_ASM131606v1_genomic	1591049	1945297
GCF_001316085.1_ASM131608v1_genomic	2519460	2327842
GCF_001316105.1_ASM131610v1_genomic	1742379	2488883
GCF_001316225.1_ASM131622v1_genomic	1747526	1590976
GCF_001317345.1_ASM131734v1_genomic	1819157	1773845
GCF_001368915.1_PRJEB5949_assembly_1_genomic	3991456	7022028
GCF_001399695.1_ASM139969v1_genomic	1746790	1582592
GCF_001402935.1_ASM140293v1_genomic	1731076	1566081
GCF_001402945.1_ASM140294v1_genomic	1778901	1592998
GCF_001412615.1_ASM141261v1_genomic	2023836	2319164
GCF_001418715.1_ASM141871v1_genomic	2052483	2704045
GCF_001433455.1_ASM143345v1_genomic	2388527	2532577
GCF_001458655.1_Mb9_genomic	2494510	2475266
GCF_001462205.1_HalopeDYS1.0_genomic	3227884	5767326
GCF_001462395.1_ASM146239v1_genomic	1621727	2333410
GCF_001469865.1_ASM146986v1_genomic	3830759	6399238
GCF_001469875.2_ASM146987v2_genomic	3901640	6816292
GCF_001469955.1_ASM146995v1_genomic	3929557	6762223
GCF_001477655.1_ASM147765v1_genomic	2543538	2090586
GCF_001481295.1_ASM148129v1_genomic	1723106	2742378
GCF_001481595.1_ASM148159v1_genomic	2220365	1747461
GCF_001481635.1_ASM148163v1_genomic	2217279	1749097
GCF_001481685.1_ASM148168v1_genomic	1394664	1337172
GCF_001482285.1_ASM148228v1_genomic	3977535	6890019
GCF_001484195.1_ASM148419v1_genomic	2337137	3134528
GCF_001484685.1_ASM148468v1_genomic	1961221	2205963
GCF_001485535.1_ASM148553v1_genomic	3012807	5288935
GCF_001485555.1_ASM148555v1_genomic	4184591	6925782
GCF_001485575.1_ASM148557v1_genomic	4359264	7086949
GCF_001488575.1_Halobacterium_hubeiense_JI20-1_genomic	3130345	5484408
GCF_001541925.1_ASM154192v1_genomic	1383621	1134844
GCF_001542905.1_ASM154290v1_genomic	3325770	5942290
GCF_001548675.1_ASM154867v1_genomic	2273296	1973868
GCF_001559955.1_GG12_C01_01_genomic	2221387	1748314
GCF_001559965.1_GG12_C01_03_genomic	2214078	1743473
GCF_001559975.1_GG12_C01_02_genomic	2271266	1790536
GCF_001559985.1_GG12_C01_04_genomic	2221918	1748189
GCF_001560035.1_GG12_C01_05_genomic	2219588	1746674
GCF_001560045.1_GG12_C01_07_genomic	2220169	1747432
GCF_001560065.1_GG12_C01_08_genomic	2223400	1751413
GCF_001560085.1_GG12_C01_10_genomic	2221077	1747151
GCF_001560115.1_GG12_C01_11_genomic	2221914	1749407
GCF_001560125.1_GG12_C01_12_genomic	2217088	1745438
GCF_001560135.1_GG12_C01_13_genomic	2221372	1747997
GCF_001560165.1_GG12_C01_14_genomic	2217420	1745833
GCF_001560195.1_GG12_C01_15_genomic	2265372	1786511
GCF_001560205.1_GG12_C01_16_genomic	2221709	1748162
GCF_001560215.1_GG12_C01_17_genomic	2220574	1747743
GCF_001560245.1_GG12_C01_18_genomic	2220373	1747917
GCF_001560275.1_GG12_C01_20_genomic	2219106	1746622
GCF_001560285.1_GG12_C01_21_genomic	2217884	1745954
GCF_001560305.1_GG12_C01_22_genomic	2219018	1746874
GCF_001560315.1_NG05A_C04_genomic	2203633	1738790
GCF_001560355.1_NG05A_C05_01_genomic	2213831	1745922
GCF_001560375.1_NG05B_C03_01_genomic	2222234	1752954
GCF_001560385.1_NG05B_C06_02_genomic	2255739	1781106
GCF_001560405.1_NG05B_C06_03_genomic	2238058	1767323
GCF_001560435.1_NG05B_C06_04_genomic	2185037	1722314
GCF_001560455.1_NG05B_C06_05_genomic	2187138	1723837
GCF_001560465.1_NG05B_C06_06_genomic	2251903	1777973
GCF_001560485.1_NG05B_C06_07_genomic	2186724	1723438
GCF_001560515.1_NG05B_C06_11_genomic	2219998	1750784
GCF_001560525.1_NG05B_C06_12_genomic	2239060	1764810
GCF_001560555.1_NG05B_C06_13_genomic	2223926	1753889
GCF_001560565.1_NG05B_CO5_01_genomic	2220531	1747996
GCF_001560595.1_NG05B_CO5_02_genomic	2241063	1765504
GCF_001560605.1_NG05B_CO5_03_genomic	2198535	1736264
GCF_001560635.1_NG05B_CO5_04_genomic	2222728	1749997
GCF_001560645.1_NG05B_CO5_05_genomic	2216785	1748733
GCF_001560675.1_NG05B_CO5_06_genomic	2241673	1769497
GCF_001560685.1_NG05B_CO5_08_genomic	2178796	1719826
GCF_001560715.1_NG05B_CO5_09_genomic	2208576	1744403
GCF_001560725.1_NG05B_CO5_10_genomic	2240009	1768500
GCF_001560755.1_NG05B_CO5_11_genomic	2179152	1720408
GCF_001560765.1_NG05B_CO5_12_genomic	2234271	1761402
GCF_001560795.1_NG05B_CO5_13_genomic	2216283	1748392
GCF_001560815.1_NG05B_CO5_14_genomic	2239143	1764320
GCF_001560835.1_NG05B_CO5_15_genomic	2197449	1736498
GCF_001563245.1_ASM156324v1_genomic	2201192	1439634
GCF_001571385.1_ASM157138v1_genomic	2713913	4395249
GCF_001571405.1_ASM157140v1_genomic	2223235	3477448
GCF_001577775.1_ASM157777v1_genomic	1977126	2021430
GCF_001592435.1_ASM159243v1_genomic	1896106	2386260
GCF_001593955.1_ASM159395v1_genomic	3980410	6515734
GCF_001602375.1_ASM160237v1_genomic	2446106	4023466
GCF_001625445.1_ASM162544v1_genomic	4896694	8199517
GCF_001639265.1_ASM163926v1_genomic	2606142	1765863
GCF_001639275.1_ASM163927v1_genomic	2140433	1508478
GCF_001639285.1_ASM163928v1_genomic	2608702	1727414
GCF_001639295.1_ASM163929v1_genomic	2414606	1629182
GCF_001647085.1_ASM164708v1_genomic	1928800	2397275
GCF_001647155.1_ASM164715v1_genomic	4331664	7129226
GCF_001663375.1_ASM166337v1_genomic	2260471	2028838
GCF_001719125.1_ASM171912v1_genomic	2688317	1963829
GCF_001723155.1_ASM172315v1_genomic	5192569	8605228
GCF_001729285.1_ASM172928v1_genomic	3329516	2722532
GCF_001729375.1_ASM172937v1_genomic	4275905	4328581
GCF_001729385.1_ASM172938v1_genomic	1809869	1401576
GCF_001729395.1_ASM172939v1_genomic	1556477	1182037
GCF_001729455.1_ASM172945v1_genomic	1712240	1334727
GCF_001729965.1_ASM172996v1_genomic	1729155	1281420
GCF_001748385.1_ASM174838v1_genomic	2022594	2033949
GCF_001767315.1_ASM176731v1_genomic	1972283	3395845
GCF_001861355.1_ASM186135v1_genomic	4580837	7672829
GCF_001870125.1_ASM187012v1_genomic	2989777	2397539
GCF_001886955.1_ASM188695v1_genomic	2085946	3577355
GCF_001888095.1_ASM188809v1_genomic	1989414	2302230
GCF_001889405.1_ASM188940v1_genomic	2022959	2357538
GCF_001950595.1_ASM195059v1_genomic	2574365	4503091
GCF_001953745.1_ASM195374v1_genomic	3980616	6949600
GCF_001971705.1_ASM197170v1_genomic	3835796	6490539
GCF_001989615.1_ASM198961v1_genomic	3778989	6624838
GCF_002025255.2_ASM202525v2_genomic	3465332	6127870
GCF_002072215.1_ASM207221v1_genomic	2445029	1668270
GCF_002077075.2_ASM207707v2_genomic	1549076	2299294
GCF_002078205.2_ASM207820v2_genomic	2349151	2259532
GCF_002078355.1_ASM207835v1_genomic	1826943	1784913
GCF_002114285.1_ASM211428v1_genomic	3603550	6242072
GCF_002116695.1_ASM211669v1_genomic	2687463	1952041
GCF_002135005.1_ASM213500v1_genomic	3307989	6025390
GCF_002135045.1_ASM213504v1_genomic	3145903	5669610
GCF_002153915.1_ASM215391v1_genomic	1513136	1604616
GCF_002156705.1_ASM215670v1_genomic	3930546	6845074
GCF_002156965.1_ASM215696v1_genomic	1360076	1118599
GCF_002177135.1_ASM217713v1_genomic	3914301	6463395
GCF_002194565.1_Pdsh-A1.0_genomic	2042796	2335115
GCF_002197185.1_ASM219718v1_genomic	1854909	2546646
GCF_002201895.1_ASM220189v1_genomic	1421521	2055425
GCF_002201915.1_ASM220191v1_genomic	1430209	2052409
GCF_002208625.1_ASM220862v1_genomic	1920673	1248909
GCF_002214165.1_ASM221416v1_genomic	952257	992863
GCF_002214365.1_ASM221436v1_genomic	1866819	2604335
GCF_002214385.1_ASM221438v1_genomic	1674122	2118134
GCF_002214465.1_ASM221446v1_genomic	1922418	2592199
GCF_002214485.1_ASM221448v1_genomic	1785673	2364690
GCF_002214505.1_ASM221450v1_genomic	2029167	2763298
GCF_002214525.1_ASM221452v1_genomic	1522818	2057668
GCF_002214545.1_ASM221454v1_genomic	2065932	2721946
GCF_002214565.1_ASM221456v1_genomic	1868990	2564996
GCF_002214585.1_ASM221458v1_genomic	2043143	2646202
GCF_002214605.1_ASM221460v1_genomic	1961979	2033347
GCF_002215285.1_ASM221528v1_genomic	3278551	5684668
GCF_002215305.1_ASM221530v1_genomic	3633750	6205939
GCF_002215405.1_ASM221540v1_genomic	2171591	1718430
GCF_002215445.1_ASM221544v1_genomic	2270336	1790532
GCF_002215485.1_ASM221548v1_genomic	2286708	1803960
GCF_002215525.1_ASM221552v1_genomic	2238200	1762498
GCF_002215565.1_ASM221556v1_genomic	2225849	1750499
GCF_002243045.1_ASM224304v1_genomic	3164721	3446653
GCF_002252585.1_ASM225258v1_genomic	1926146	1450366
GCF_002252725.1_ASM225272v1_genomic	3701974	6396815
GCF_002252735.1_ASM225273v1_genomic	4644842	7954633
GCF_002252745.1_ASM225274v1_genomic	2970568	5239556
GCF_002252755.1_ASM225275v1_genomic	3811009	6720444
GCF_002252805.1_ASM225280v1_genomic	3352421	5913335
GCF_002252815.1_ASM225281v1_genomic	3345771	5900353
GCF_002252835.1_ASM225283v1_genomic	3545284	6185935
GCF_002252865.1_ASM225286v1_genomic	2112399	3823621
GCF_002252875.1_ASM225287v1_genomic	3274699	5769796
GCF_002252895.1_ASM225289v1_genomic	3625505	6388676
GCF_002252925.1_ASM225292v1_genomic	3741543	6602272
GCF_002252965.1_ASM225296v1_genomic	3925464	6861897
GCF_002252985.1_ASM225298v1_genomic	3318983	5876153
GCF_002286985.1_ASM228698v1_genomic	3506649	6186697
GCF_002287175.1_ASM228717v1_genomic	3466370	2831562
GCF_002287195.1_ASM228719v1_genomic	1928201	1542376
GCF_002287235.1_ASM228723v1_genomic	5088600	5032540
GCF_002355635.1_ASM235563v1_genomic	3105937	5441921
GCF_002355655.1_ASM235565v1_genomic	3080199	5518838
GCF_002379115.1_ASM237911v1_genomic	3665422	6344686
GCF_002487355.1_ASM248735v1_genomic	3735583	4037864
GCF_002494345.1_ASM249434v1_genomic	4476324	7783265
GCF_002572525.1_ASM257252v1_genomic	5058058	8467303
GCF_002727095.1_ASM272709v1_genomic	3859961	6636111
GCF_002727125.1_ASM272712v1_genomic	3577969	6180930
GCF_002761295.1_ASM276129v1_genomic	2084275	2402956
GCF_002787055.1_ASM278705v1_genomic	1697207	1964912
GCF_002813085.1_ASM281308v1_genomic	1805545	1407283
GCF_002813655.1_ASM281365v1_genomic	2506225	2367527
GCF_002813675.1_ASM281367v1_genomic	2524329	2382475
GCF_002813695.1_ASM281369v1_genomic	2515817	2373789
GCF_002844195.1_ASM284419v1_genomic	4614977	8135280
GCF_002844335.1_ASM284433v1_genomic	3721706	6200768
GCF_002855455.1_ASM285545v1_genomic	3695310	6363280
GCF_002906215.1_ASM290621v1_genomic	1617394	1522630
GCF_002906575.1_ASM290657v1_genomic	4973118	8721889
GCF_002945325.1_ASM294532v1_genomic	1714918	1551015
GCF_002952775.1_ASM295277v1_genomic	3313120	5769496
GCF_002973515.1_ASM297351v1_genomic	1871939	2178227
GCF_003045125.1_CN25urea_metaspades_genomic	1245544	1090409
GCF_003052125.1_ASM305212v1_genomic	1737606	1571273
GCF_003111605.1_ASM311160v1_genomic	1543150	1145268
GCF_003111625.1_ASM311162v1_genomic	2243115	2086655
GCF_003149675.1_ASM314967v1_genomic	1881477	1503940
GCF_003173335.1_ASM317333v1_genomic	3740734	4174897
GCF_003173355.1_ASM317335v1_genomic	3743701	4118931
GCF_003175215.1_ASM317521v1_genomic	1757809	1558190
GCF_003201675.2_ASM320167v2_genomic	2544115	2392216
GCF_003201765.2_ASM320176v2_genomic	2265309	1661259
GCF_003201835.2_ASM320183v2_genomic	2947244	2202999
GCF_003205235.1_ASM320523v1_genomic	1790060	2025440
GCF_003264935.1_ASM326493v1_genomic	1467867	1466717
GCF_003265405.1_ASM326540v1_genomic	1700631	1286194
GCF_003268005.1_ASM326800v1_genomic	2868093	2415856
GCF_003287355.1_ASM328735v1_genomic	3584929	6284262
GCF_003336245.1_ASM333624v1_genomic	3549098	6193426
GCF_003342675.1_ASM334267v1_genomic	3773640	6582705
GCF_003342695.1_ASM334269v1_genomic	3529327	6203492
GCF_003344565.1_ASM334456v1_genomic	4606068	7876770
GCF_003351065.1_ASM335106v1_genomic	3872704	6852641
GCF_003351865.1_ASM335186v1_genomic	1504113	1272002
GCF_003369835.1_ASM336983v1_genomic	4372177	7810349
GCF_003382685.1_ASM338268v1_genomic	3838095	6764084
GCF_003382985.1_ASM338298v1_genomic	4019651	7006031
GCF_003383005.1_ASM338300v1_genomic	3884197	6803687
GCF_003383015.1_ASM338301v1_genomic	3620173	6334263
GCF_003383025.1_ASM338302v1_genomic	4176203	7255113
GCF_003383065.1_ASM338306v1_genomic	3813557	6684219
GCF_003383085.1_ASM338308v1_genomic	3938222	6920188
GCF_003383095.1_ASM338309v1_genomic	4012076	6995189
GCF_003383195.1_ASM338319v1_genomic	4366214	7585861
GCF_003385755.1_ASM338575v1_genomic	1709364	1999034
GCF_003400025.1_ASM340002v1_genomic	2545538	2964898
GCF_003400145.1_ASM340014v1_genomic	2552411	2972449
GCF_003430805.1_ASM343080v1_genomic	3853425	6539041
GCF_003430825.1_ASM343082v1_genomic	3789323	6423504
GCF_003431325.1_ASM343132v1_genomic	1539049	1810041
GCF_003439925.1_ASM343992v1_genomic	3473342	6129238
GCF_003586325.1_ASM358632v1_genomic	4261339	7404199
GCF_003602035.1_ASM360203v1_genomic	3873359	6561215
GCF_003605575.1_ASM360557v1_genomic	2468382	4009882
GCF_003605635.1_ASM360563v1_genomic	3009688	4723328
GCF_003610195.1_ASM361019v1_genomic	4865221	8406924
GCF_003634715.1_ASM363471v1_genomic	4459149	7198158
GCF_003665865.1_ASM366586v1_genomic	3879374	6797257
GCF_003665885.1_ASM366588v1_genomic	4191453	6914218
GCF_003665905.1_ASM366590v1_genomic	3888545	6814127
GCF_003665925.1_ASM366592v1_genomic	3871390	6602158
GCF_003665935.1_ASM366593v1_genomic	3548073	6239018
GCF_003665955.1_ASM366595v1_genomic	3506786	6121952
GCF_003665985.1_ASM366598v1_genomic	4133138	6802611
GCF_003666005.1_ASM366600v1_genomic	3909350	6970210
GCF_003666015.1_ASM366601v1_genomic	4140427	7141257
GCF_003666025.1_ASM366602v1_genomic	3307149	5889450
GCF_003666065.1_ASM366606v1_genomic	4544431	7387848
GCF_003675855.1_ASM367585v1_genomic	3735525	6629202
GCF_003675875.1_ASM367587v1_genomic	4117004	7262021
GCF_003688715.1_ASM368871v1_genomic	3505900	6122346
GCF_003697815.1_ASM369781v1_genomic	3610003	5934987
GCF_003697845.1_ASM369784v1_genomic	3592761	6302454
GCF_003711245.1_ASM371124v1_genomic	1666764	2548059
GCF_003721175.2_ASM372117v2_genomic	3175875	5619010
GCF_003721435.2_ASM372143v2_genomic	3582278	6333599
GCF_003722055.1_ASM372205v1_genomic	2021537	2356028
GCF_003722075.1_MethanohalophilusRSK_genomic	1969036	2292694
GCF_003722095.1_ASM372209v1_genomic	2661022	4651403
GCF_003722115.1_ASM372211v1_genomic	2079136	2395456
GCF_003722155.1_ASM372215v1_genomic	1870534	2176449
GCF_003730195.1_ASM373019v1_genomic	5072893	8990745
GCF_003781945.1_ASM378194v1_genomic	3715387	6488067
GCF_003814835.1_ASM381483v1_genomic	1877925	1455967
GCF_003841465.1_ASM384146v1_genomic	4614480	8074676
GCF_003841485.1_ASM384148v1_genomic	2912150	4956948
GCF_003841505.1_ASM384150v1_genomic	4566486	7814074
GCF_003852095.1_ASM385209v1_genomic	2659140	2094935
GCF_003852115.1_ASM385211v1_genomic	2707507	2133080
GCF_003852135.1_ASM385213v1_genomic	2668974	2102161
GCF_003852155.1_ASM385215v1_genomic	2658139	2094211
GCF_003852175.1_ASM385217v1_genomic	2658139	2094211
GCF_003852195.1_ASM385219v1_genomic	2668974	2102161
GCF_003852215.1_ASM385221v1_genomic	2668974	2102161
GCF_003856835.1_ASM385683v1_genomic	3503092	6119363
GCF_003862495.1_ASM386249v1_genomic	3654689	5630428
GCF_003947435.1_ASM394743v1_genomic	2940320	3084106
GCF_003948265.1_ASM394826v1_genomic	1769550	1831088
GCF_003967175.1_Sacidi_1.0_genomic	2353189	2643643
GCF_003977755.1_ASM397775v1_genomic	4960430	8593508
GCF_003990725.2_ASM399072v2_genomic	3044466	5336228
GCF_003992375.1_ASM399237v1_genomic	3316667	5841453
GCF_003992425.1_ASM399242v1_genomic	4111827	6727847
GCF_004087835.1_ASM408783v1_genomic	3490924	5994377
GCF_004099695.1_ASM409969v1_genomic	3558779	3931682
GCF_004102725.1_ASM410272v1_genomic	2750372	4428576
GCF_004104135.1_ASM410413v1_genomic	1928720	2235140
GCF_004114375.1_ASM411437v1_genomic	3668425	6334555
GCF_004114995.1_ASM411499v1_genomic	3629282	6320596
GCF_004118325.1_ASM411832v1_genomic	4086895	7168677
GCF_004126515.1_ASM412651v1_genomic	3726301	6461075
GCF_004137855.1_ASM413785v1_genomic	1829190	2147240
GCF_004143485.2_ASM414348v2_genomic	3778909	6636683
GCF_004150385.1_ASM415038v1_genomic	3572369	5985967
GCF_004150395.1_ASM415039v1_genomic	3993819	6495236
GCF_004209855.1_ASM420985v1_genomic	3663083	6413565
GCF_004217335.1_ASM421733v1_genomic	4256545	6981973
GCF_004297185.1_ASM429718v1_genomic	2357249	3710049
GCF_004310395.1_ASM431039v1_genomic	1308147	1142396
GCF_004323575.1_ASM432357v1_genomic	1600996	1941779
GCF_004340645.1_ASM434064v1_genomic	1978025	2284444
GCF_004363215.1_ASM436321v1_genomic	1783113	2082159
GCF_004521895.1_ASM452189v1_genomic	3619661	6417200
GCF_004681185.1_ASM468118v1_genomic	5037071	8328142
GCF_004698125.1_ASM469812v1_genomic	4467346	8140061
GCF_004745425.1_ASM474542v1_genomic	2592212	2963333
GCF_004762015.1_ASM476201v1_genomic	3868565	6540750
GCF_004765785.1_ASM476578v1_genomic	4318267	7441220
GCF_004765795.1_ASM476579v1_genomic	3763700	6657438
GCF_004765805.1_ASM476580v1_genomic	3933944	7018854
GCF_004765815.2_ASM476581v2_genomic	4753187	8297856
GCF_004785955.1_ASM478595v1_genomic	3745222	6701371
GCF_004799605.1_ASM479960v1_genomic	2429680	4237328
GCF_004799645.1_ASM479964v1_genomic	4382412	7287088
GCF_004799665.1_ASM479966v1_genomic	3452056	5959624
GCF_004799685.1_ASM479968v1_genomic	3749890	6584804
GCF_004803735.1_ASM480373v1_genomic	3316057	5838901
GCF_004916935.1_ASM491693v1_genomic	4403890	7738253
GCF_004916945.1_ASM491694v1_genomic	4413083	7741695
GCF_004944975.1_ASM494497v1_genomic	3462656	5835785
GCF_005155585.1_ASM515558v1_genomic	3051700	5408120
GCF_005222525.1_ASM522252v1_genomic	2202576	2181282
GCF_005239135.1_ASM523913v1_genomic	2904418	4975486
GCF_005310945.1_ASM531094v1_genomic	4184924	6808788
GCF_005406125.1_ASM540612v1_genomic	4217270	7002943
GCF_005406325.1_ASM540632v1_genomic	3907473	6461471
GCF_005435015.1_ASM543501v1_genomic	3648916	6290958
GCF_005435025.1_ASM543502v1_genomic	3605305	6288636
GCF_005435035.1_ASM543503v1_genomic	3734375	6434667
GCF_005435055.1_ASM543505v1_genomic	3628710	6356368
GCF_005435095.1_ASM543509v1_genomic	3520643	6172463
GCF_005435115.1_ASM543511v1_genomic	3325689	5890651
GCF_005435135.1_ASM543513v1_genomic	3622604	6319793
GCF_005435165.1_ASM543516v1_genomic	3321212	5849529
GCF_005435175.1_ASM543517v1_genomic	3479272	6101180
GCF_005435185.1_ASM543518v1_genomic	5822419	10166253
GCF_005435195.1_ASM543519v1_genomic	3402804	5931206
GCF_005435225.1_ASM543522v1_genomic	3378175	5947718
GCF_005435235.1_ASM543523v1_genomic	3612853	6299060
GCF_005485005.1_ASM548500v1_genomic	4127022	4552609
GCF_005543295.1_ASM554329v1_genomic	3414481	5454443
GCF_005576615.1_ASM557661v1_genomic	4674473	7962104
GCF_005890195.1_ASM589019v1_genomic	3778093	6565374
GCF_005938085.1_ASM593808v1_genomic	4263024	7069197
GCF_006274605.1_ASM627460v1_genomic	2234010	3037378
GCF_006543045.1_ASM654304v1_genomic	4520784	7706142
GCF_006546655.1_ASM654665v1_genomic	2920174	3097862
GCF_006740685.1_ASM674068v1_genomic	1499620	1330276
GCF_006861655.1_ASM686165v1_genomic	2564231	4287101
GCF_006861665.1_ASM686166v1_genomic	2827477	4642273
GCF_007004735.1_ASM700473v1_genomic	4196788	7402631
GCF_007050195.1_ASM705019v1_genomic	1953566	1422847
GCF_007421925.1_ASM742192v1_genomic	4003226	7085239
GCF_007655485.1_ASM765548v1_genomic	3348449	5685096
GCF_007671685.1_ASM767168v1_genomic	3674912	6394320
GCF_007671725.1_ASM767172v1_genomic	3182860	5704596
GCF_007714225.1_ASM771422v1_genomic	3784342	6610757
GCF_007826885.1_ASM782688v1_genomic	2644479	2116443
GCF_007833275.1_ASM783327v1_genomic	2523371	4413899
GCF_007996945.1_ASM799694v1_genomic	2221317	1746587
GCF_008000775.1_ASM800077v1_genomic	4427796	3585378
GCF_008033705.1_ASM803370v1_genomic	1741029	2010204
GCF_008122205.1_ASM812220v1_genomic	5316806	9157659
GCF_008124605.1_ASM812460v1_genomic	2364912	4140310
GCF_008152015.1_ASM815201v1_genomic	2165038	2957695
GCF_008245085.1_ASM824508v1_genomic	1889914	1849912
GCF_008245225.1_ASM824522v1_genomic	4201486	7231294
GCF_008326385.1_SulIC007_1.0_genomic	2535282	2349107
GCF_008326425.1_SulIC006_1.0_genomic	2560765	2371461
GCF_008389435.1_ASM838943v1_genomic	3224396	2561994
GCF_008728975.1_ASM872897v1_genomic	4334589	7167655
GCF_008729005.1_ASM872900v1_genomic	3999003	6580101
GCF_008729015.1_ASM872901v1_genomic	4048546	6652435
GCF_008729095.1_ASM872909v1_genomic	3896891	6505314
GCF_008806815.1_ASM880681v1_genomic	3561692	6084772
GCF_008806895.1_ASM880689v1_genomic	3255273	5638380
GCF_008806905.1_ASM880690v1_genomic	3480702	5910130
GCF_008806915.1_ASM880691v1_genomic	3487106	5880474
GCF_008831545.1_ASM883154v1_genomic	4450731	7534845
GCF_009176545.1_ASM917654v1_genomic	4690830	8385666
GCF_009184545.1_ASM918454v1_genomic	2660501	4588421
GCF_009184555.1_ASM918455v1_genomic	2435049	4232031
GCF_009184575.1_ASM918457v1_genomic	2422009	4207850
GCF_009217585.1_ASM921758v1_genomic	3094203	5454195
GCF_009372125.1_ASM937212v1_genomic	1926104	2119491
GCF_009392895.1_ASM939289v1_genomic	4348483	7275790
GCF_009428885.1_ASM942888v1_genomic	2326940	1791796
GCF_009601705.1_ASM960170v1_genomic	2543529	1933256
GCF_009602405.1_ASM960240v1_genomic	2549580	1953165
GCF_009617995.1_ASM961799v1_genomic	3329031	5868440
GCF_009663395.1_ASM966339v1_genomic	2768215	4828740
GCF_009674585.1_ASM967458v1_genomic	3487106	5880474
GCF_009674605.1_ASM967460v1_genomic	3561692	6084772
GCF_009674625.1_ASM967462v1_genomic	3480702	5910130
GCF_009690625.1_ASM969062v1_genomic	2628395	4481744
GCF_009729015.1_ASM972901v1_genomic	2252027	1730464
GCF_009729035.1_ASM972903v1_genomic	1987069	1586064
GCF_009729055.1_ASM972905v1_genomic	2803915	2051702
GCF_009729515.1_ASM972951v1_genomic	2212444	1839992
GCF_009729545.1_ASM972954v1_genomic	2222414	1698995
GCF_009741785.1_ASM974178v1_genomic	3798625	6343005
GCF_009741825.1_ASM974182v1_genomic	2965017	5188887
GCF_009741925.1_ASM974192v1_genomic	3452035	6014303
GCF_009741955.1_ASM974195v1_genomic	4095662	7285726
GCF_009741975.1_ASM974197v1_genomic	2730868	4873811
GCF_009742825.1_ASM974282v1_genomic	3230170	5605220
GCF_009762275.1_ASM976227v1_genomic	3560302	6266329
GCF_009791395.1_ASM979139v1_genomic	4069707	7233266
GCF_009797925.1_ASM979792v1_genomic	2617656	4471140
GCF_009806985.1_ASM980698v1_genomic	3108395	5578006
GCF_009807105.1_ASM980710v1_genomic	4162025	7147519
GCF_009831455.1_ASM983145v1_genomic	3369022	6043556
GCF_009831555.1_ASM983155v1_genomic	3499479	6224211
GCF_009831575.1_ASM983157v1_genomic	3245913	5623985
GCF_009831625.1_ASM983162v1_genomic	3775753	6740315
GCF_009834785.1_ASM983478v1_genomic	4556507	7764683
GCF_009856205.1_ASM985620v1_genomic	3379638	5976602
GCF_009856455.1_ASM985645v1_genomic	3207930	5689448
GCF_009861625.1_ASM986162v1_genomic	3216677	2554183
GCF_009898475.1_ASM989847v1_genomic	2343264	2071637
GCF_009900715.1_ASM990071v1_genomic	3521828	6039830
GCF_009914355.1_ASM991435v1_genomic	1724502	1968389
GCF_009914725.1_ASM991472v1_genomic	2189363	2957818
GCF_009917665.1_ASM991766v1_genomic	1697935	1972139
GCF_010119195.1_ASM1011919v1_genomic	3787729	6683478
GCF_010119205.1_ASM1011920v1_genomic	3906684	6801563
GCF_010692885.1_ASM1069288v1_genomic	3994321	6488919
GCF_010692905.1_ASM1069290v1_genomic	3706982	6507432
GCF_010706455.1_ASM1070645v1_genomic	4323149	4707216
GCF_010747475.1_ASM1074747v1_genomic	4408556	7683098
GCF_011043775.1_ASM1104377v1_genomic	4562990	7337117
GCF_011319465.1_ASM1131946v1_genomic	1540195	1652200
GCF_011319475.1_ASM1131947v1_genomic	1818645	1885249
GCF_011440255.1_ASM1144025v1_genomic	4528563	7302867
GCF_011440285.1_ASM1144028v1_genomic	4117004	7262017
GCF_011440375.1_ASM1144037v1_genomic	3764446	6864162
GCF_011440385.1_ASM1144038v1_genomic	4372177	7810349
GCF_011602445.1_ASM1160244v1_genomic	4930832	8361504
GCF_011627345.1_ASM1162734v1_genomic	3161493	5565954
GCF_011627385.1_ASM1162738v1_genomic	4111827	6727847
GCF_011734195.1_ASM1173419v1_genomic	2983094	5335360
GCF_011765365.1_ASM1176536v1_genomic	2818554	4693610
GCF_012027285.1_ASM1202728v1_genomic	1931684	2658966
GCF_012027305.1_ASM1202730v1_genomic	2023001	2663063
GCF_012027325.1_ASM1202732v1_genomic	2277370	2296613
GCF_012027355.1_ASM1202735v1_genomic	2167521	2796625
GCF_012027375.1_ASM1202737v1_genomic	2292008	2304142
GCF_012027395.1_ASM1202739v1_genomic	2002356	2529833
GCF_012027415.1_ASM1202741v1_genomic	1812151	2254427
GCF_012027425.1_ASM1202742v1_genomic	1982688	1947520
GCF_012027455.1_ASM1202745v1_genomic	2014437	2478157
GCF_012027495.1_ASM1202749v1_genomic	2139369	2954794
GCF_012027515.1_ASM1202751v1_genomic	2008408	2681312
GCF_012027535.1_ASM1202753v1_genomic	1939848	2402522
GCF_012027545.1_ASM1202754v1_genomic	2045593	2515568
GCF_012027555.1_ASM1202755v1_genomic	1795455	2296546
GCF_012027595.1_ASM1202759v1_genomic	2048798	2620083
GCF_012027615.1_ASM1202761v1_genomic	2374878	3194796
GCF_012027635.1_ASM1202763v1_genomic	1921837	2560756
GCF_012027645.1_ASM1202764v1_genomic	1991402	2736424
GCF_012027685.1_ASM1202768v1_genomic	1986786	2641816
GCF_012062385.1_ASM1206238v1_genomic	1915262	2752483
GCF_012163165.1_ASM1216316v1_genomic	4051622	7088067
GCF_012222305.1_ASM1222230v1_genomic	2789526	2036369
GCF_012726095.1_ASM1272609v1_genomic	3394272	6006266
GCF_012726105.1_ASM1272610v1_genomic	3668694	6446885
GCF_012726115.1_ASM1272611v1_genomic	4012717	6566008
GCF_012726155.1_ASM1272615v1_genomic	3928501	6514356
GCF_012933645.1_ASM1293364v1_genomic	2372968	2258109
GCF_013133875.1_ASM1313387v1_genomic	1814146	1777249
GCF_013133895.1_ASM1313389v1_genomic	2366205	1798813
GCF_013166765.1_ASM1316676v1_genomic	5636884	6091160
GCF_013267195.1_ASM1326719v1_genomic	3340250	5956057
GCF_013340765.1_NAS2_1.0_genomic	1593902	2436228
GCF_013342135.1_ASM1334213v1_genomic	4994572	8770605
GCF_013342145.1_ASM1334214v1_genomic	4552005	7994604
GCF_013343295.1_ASM1334329v1_genomic	2176897	2058583
GCF_013377755.1_ASM1337775v1_genomic	2248716	3625343
GCF_013388255.1_ASM1338825v1_genomic	2704953	3164695
GCF_013391085.1_ASM1339108v1_genomic	3211682	5562489
GCF_013391105.1_ASM1339110v1_genomic	3746575	6643909
GCF_013391635.1_ASM1339163v1_genomic	3377131	5892877
GCF_013401515.1_ASM1340151v1_genomic	4277959	7607031
GCF_013402815.1_ASM1340281v1_genomic	4359796	7307241
GCF_013402875.1_ASM1340287v1_genomic	4258755	7673367
GCF_013407145.1_ASM1340714v1_genomic	1563356	1326479
GCF_013407165.1_ASM1340716v1_genomic	1585110	1332769
GCF_013407185.1_ASM1340718v1_genomic	2171418	1887344
GCF_013407275.1_ASM1340727v1_genomic	1834835	2022902
GCF_013407385.1_ASM1340738v1_genomic	1720730	1456474
GCF_013414235.1_ASM1341423v1_genomic	2068580	2676050
GCF_013415885.1_ASM1341588v1_genomic	4480147	7973829
GCF_013415905.1_ASM1341590v1_genomic	5199031	9146663
GCF_013456555.1_ASM1345655v1_genomic	3779651	6482438
GCF_013760955.1_ASM1376095v1_genomic	1757782	1602212
GCF_013761045.1_ASM1376104v1_genomic	2015530	1817354
GCF_013761055.1_ASM1376105v1_genomic	1740485	1569818
GCF_013761085.1_ASM1376108v1_genomic	1820380	1639402
GCF_013761105.1_ASM1376110v1_genomic	1714694	1556814
GCF_013761135.1_ASM1376113v1_genomic	1818213	1637642
GCF_013761165.1_ASM1376116v1_genomic	1778715	1604461
GCF_013761205.1_ASM1376120v1_genomic	1786741	1609980
GCF_013761225.1_ASM1376122v1_genomic	1840346	1665694
GCF_013839425.1_ASM1383942v1_genomic	2859524	4769615
GCF_013839515.1_ASM1383951v1_genomic	2778202	4866568
GCF_014078525.1_ASM1407852v1_genomic	1788667	1543139
GCF_014078535.1_ASM1407853v1_genomic	1617209	1423133
GCF_014078545.1_ASM1407854v1_genomic	1791993	1619851
GCF_014202105.1_ASM1420210v1_genomic	2722575	1972648
GCF_014202515.1_ASM1420251v1_genomic	2368961	4151838
GCF_014203295.1_ASM1420329v1_genomic	1768263	1600201
GCF_014207315.1_ASM1420731v1_genomic	1773056	1598926
GCF_014207325.1_ASM1420732v1_genomic	1858738	1671541
GCF_014212355.1_ASM1421235v1_genomic	3490400	6134690
GCF_014530665.1_ASM1453066v1_genomic	3776777	6629065
GCF_014635105.1_ASM1463510v1_genomic	3878884	6803391
GCF_014646535.1_ASM1464653v1_genomic	1935722	2336333
GCF_014646555.1_ASM1464655v1_genomic	2424395	2238182
GCF_014646795.1_ASM1464679v1_genomic	1726561	2427852
GCF_014646875.1_ASM1464687v1_genomic	3067430	5330740
GCF_014647095.1_ASM1464709v1_genomic	3774717	6172332
GCF_014647115.1_ASM1464711v1_genomic	2813544	5018470
GCF_014647155.1_ASM1464715v1_genomic	3141185	5517770
GCF_014647235.1_ASM1464723v1_genomic	3961398	6891691
GCF_014647415.1_ASM1464741v1_genomic	4169965	6771411
GCF_014647455.2_ASM1464745v2_genomic	3024665	5331777
GCF_014647475.1_ASM1464747v1_genomic	3380345	5921552
GCF_014648235.1_ASM1464823v1_genomic	2347010	2632635
GCF_014876775.1_ASM1487677v1_genomic	1625846	1972635
GCF_014889545.1_ASM1488954v1_genomic	1654216	1927555
GCF_014962245.1_ASM1496224v1_genomic	1305106	1345146
GCF_014969745.1_ASM1496974v1_genomic	3996244	7011584
GCF_015209645.1_ASM1520964v1_genomic	1284168	1185560
GCF_016065055.1_ASM1606505v1_genomic	4158049	7524056
GCF_016415645.1_ASM1641564v1_genomic	2429154	1850281
GCF_016415665.1_ASM1641566v1_genomic	2384613	1817653
GCF_016635065.1_ASM1663506v1_genomic	3301211	5899676
GCF_016757965.1_ASM1675796v1_genomic	2115826	2622542
GCF_016806735.1_ASM1680673v1_genomic	989838	1244894
GCF_016906025.1_ASM1690602v1_genomic	5087240	8747106
GCF_016907005.1_ASM1690700v1_genomic	1733513	1573937
GCF_016917835.1_ASM1691783v1_genomic	2530769	4423758
GCF_016917855.1_ASM1691785v1_genomic	2326224	4085725
GCF_017352095.1_ASM1735209v1_genomic	3588874	6291560
GCF_017352155.1_ASM1735215v1_genomic	3823492	6711755
GCF_017357405.1_ASM1735740v1_genomic	5166602	8985556
GCF_017612575.1_ASM1761257v1_genomic	3367405	5954278
GCF_017873335.1_ASM1787333v1_genomic	2034780	2606390
GCF_017873415.1_ASM1787341v1_genomic	3122090	3293816
GCF_017873555.1_ASM1787355v1_genomic	3080988	5502376
GCF_017873625.1_ASM1787362v1_genomic	2468550	2274008
GCF_017873775.1_ASM1787377v1_genomic	2815940	5023044
GCF_017873815.1_ASM1787381v1_genomic	3098171	5326520
GCF_017873855.1_ASM1787385v1_genomic	2662345	4148863
GCF_017874195.1_ASM1787419v1_genomic	2438109	3997817
GCF_017874235.1_ASM1787423v1_genomic	2752321	4824232
GCF_017874375.1_ASM1787437v1_genomic	2116010	2452576
GCF_017874455.1_ASM1787445v1_genomic	2347771	2272380
GCF_017874695.1_ASM1787469v1_genomic	3122714	5470463
GCF_017875315.1_ASM1787531v1_genomic	2541249	2966263
GCF_017875325.1_ASM1787532v1_genomic	2907262	4561828
GCF_017875395.1_ASM1787539v1_genomic	1899827	1416653
GCF_017875565.1_ASM1787556v1_genomic	1856223	1375056
GCF_017875625.1_ASM1787562v1_genomic	1794899	1332128
GCF_017875815.1_ASM1787581v1_genomic	1752845	1588737
GCF_900003505.1_ASM90000350v1_genomic	3227747	5651104
GCF_900003515.1_ASM90000351v1_genomic	3226454	5649802
GCF_900003525.1_ASM90000352v1_genomic	3229115	5653239
GCF_900003565.1_ASM90000356v1_genomic	3229177	5653619
GCF_900003575.1_ASM90000357v1_genomic	3227778	5650734
GCF_900004275.1_ASM90000427v1_genomic	3227942	5651572
GCF_900005775.1_ASM90000577v1_genomic	3229355	5653405
GCF_900012635.1_Pyrococcus_chitonophagus_genome_sequence_genomic	1969647	2041700
GCF_900036045.1_Methanoculleus_sp_MAB1_genomic	2859299	4482470
GCF_900064395.1_ASM90006439v1_genomic	2168485	2318531
GCF_900069765.1_ASM90006976v1_genomic	2036694	2530770
GCF_900079115.1_SSOP1_genomic	3034024	2382554
GCF_900083515.1_ASM90008351v1_genomic	1938699	1837742
GCF_900090055.1_C.divulgatum_PM4_genomic	1878916	1777728
GCF_900095295.1_MCBB_genomic	2469575	2398979
GCF_900095385.1_L21_genomic	2649157	4334054
GCF_900100335.1_IMG-taxon_2636416021_annotated_assembly_genomic	4641793	8032900
GCF_900100385.1_IMG-taxon_2651870124_annotated_assembly_genomic	3284315	5480960
GCF_900100715.1_IMG-taxon_2642422561_annotated_assembly_genomic	2945371	3123736
GCF_900100875.1_IMG-taxon_2671180169_annotated_assembly_genomic	3332625	5926376
GCF_900101055.1_IMG-taxon_2634166298_annotated_assembly_genomic	2217720	3468389
GCF_900101245.1_IMG-taxon_2651869596_annotated_assembly_genomic	3914132	6441941
GCF_900102305.1_IMG-taxon_2651870125_annotated_assembly_genomic	4027714	6991287
GCF_900102375.1_IMG-taxon_2617270761_annotated_assembly_genomic	3261294	5802786
GCF_900103415.1_IMG-taxon_2593339167_annotated_assembly_genomic	2716742	2438561
GCF_900103505.1_IMG-taxon_2651870127_annotated_assembly_genomic	3768596	6732284
GCF_900103715.1_IMG-taxon_2617270902_annotated_assembly_genomic	3770187	6573431
GCF_900104065.1_IMG-taxon_2636416047_annotated_assembly_genomic	4009788	6964845
GCF_900106715.1_IMG-taxon_2693429892_annotated_assembly_genomic	3896339	6420980
GCF_900106905.1_IMG-taxon_2642422606_annotated_assembly_genomic	2026562	2361195
GCF_900107195.1_IMG-taxon_2617270777_annotated_assembly_genomic	3754978	6461301
GCF_900107205.1_IMG-taxon_2654587885_annotated_assembly_genomic	3424376	5927166
GCF_900107665.1_IMG-taxon_2617270898_annotated_assembly_genomic	2776504	4815749
GCF_900108095.1_IMG-taxon_2617270925_annotated_assembly_genomic	3782335	6386759
GCF_900108165.1_IMG-taxon_2619618869_annotated_assembly_genomic	3735954	6561785
GCF_900108505.1_IMG-taxon_2651870118_annotated_assembly_genomic	3136583	5399669
GCF_900109065.1_IMG-taxon_2693429898_annotated_assembly_genomic	3284590	5222643
GCF_900109425.1_IMG-taxon_2654588132_annotated_assembly_genomic	2065554	2721414
GCF_900109595.1_IMG-taxon_2654588138_annotated_assembly_genomic	1864477	1454043
GCF_900109695.1_IMG-taxon_2639762639_annotated_assembly_genomic	3889283	6600259
GCF_900110215.1_IMG-taxon_2654588107_annotated_assembly_genomic	4869748	8258989
GCF_900110455.1_IMG-taxon_2671180170_annotated_assembly_genomic	4269929	7467624
GCF_900110465.1_IMG-taxon_2617270928_annotated_assembly_genomic	5180745	8753736
GCF_900110535.1_IMG-taxon_2617270915_annotated_assembly_genomic	2952792	5303888
GCF_900110865.1_IMG-taxon_2639762573_annotated_assembly_genomic	4852629	8530767
GCF_900111485.1_IMG-taxon_2642422550_annotated_assembly_genomic	3958000	6523417
GCF_900111645.1_IMG-taxon_2642422537_annotated_assembly_genomic	2313353	2676839
GCF_900111935.1_IMG-taxon_2617270732_annotated_assembly_genomic	3030523	5459373
GCF_900112175.1_IMG-taxon_2617270920_annotated_assembly_genomic	4187125	7547865
GCF_900112205.1_IMG-taxon_2693429869_annotated_assembly_genomic	4495104	7934918
GCF_900113245.1_IMG-taxon_2617270917_annotated_assembly_genomic	3529311	6251691
GCF_900113615.1_IMG-taxon_2617270873_annotated_assembly_genomic	3184102	5675205
GCF_900114025.1_IMG-taxon_2693429900_annotated_assembly_genomic	3723468	6404285
GCF_900114435.1_IMG-taxon_2667527389_annotated_assembly_genomic	4249154	7494101
GCF_900114455.1_IMG-taxon_2619618990_annotated_assembly_genomic	4566306	7748259
GCF_900114585.1_IMG-taxon_2593339150_annotated_assembly_genomic	2122096	1381674
GCF_900114835.1_IMG-taxon_2642422540_annotated_assembly_genomic	3105899	3452160
GCF_900115675.1_IMG-taxon_2663762745_annotated_assembly_genomic	3160633	5563696
GCF_900115785.1_IMG-taxon_2617270895_annotated_assembly_genomic	3616239	6455925
GCF_900116205.1_IMG-taxon_2639762563_annotated_assembly_genomic	4108147	6890607
GCF_900116525.1_IMG-taxon_2595698250_annotated_assembly_genomic	3099467	3311561
GCF_900129775.1_IMG-taxon_2695420988_annotated_assembly_genomic	3207756	5789493
GCF_900142335.1_IMG-taxon_2698536698_annotated_assembly_genomic	4283698	7318463
GCF_900143675.1_Candidatus_Nitrosotalea_sinensis_Nd2_whole_genome_genomic	1598048	1616659
GCF_900156425.1_IMG-taxon_2681812914_annotated_assembly_genomic	4671642	7458980
GCF_900156445.1_IMG-taxon_2681812915_annotated_assembly_genomic	3830922	6483698
GCF_900156475.1_IMG-taxon_2681812919_annotated_assembly_genomic	4208956	7006231
GCF_900167955.1_ASM90016795v1_genomic	1552977	1447126
GCF_900177045.1_Candidatus_Nitrosotalea_koreensis_CS_whole_genome_genomic	1972335	1975626
GCF_900177455.1_IMG-taxon_2706794887_annotated_assembly_genomic	2088894	2407120
GCF_900182635.1_IMG-taxon_2724679794_annotated_assembly_genomic	3176020	5627665
GCF_900188065.1_IMG-taxon_2724679803_annotated_assembly_genomic	3477860	5785722
GCF_900188075.1_IMG-taxon_2724679704_annotated_assembly_genomic	3666854	6344462
GCF_900196725.1_MNV_PRJEB20370_wgs_genomic	3524740	4025297
GCF_900198835.1_chr_EXT12c_genomic	2155760	2871510
GCF_900215215.1_IMG-taxon_2703719067_annotated_assembly_genomic	1940298	2241774
GCF_900215575.1_IMG-taxon_2728369221_annotated_assembly_genomic	3164179	5543048
GCF_900248165.1_Nitrosocaldus_cavascurensis_SCU2_chromosome_genomic	1577284	1488071
GCF_900289035.1_PRJEB24872_genomic	2123870	1498226
GCF_900650605.1_PRJEB30627_genomic	1720660	1339610
GCF_900654205.1_PRJEB30652_genomic	1722401	1341350
GCF_900696045.1_Nitrosocosmicus_franklandus_C13_genomic	2836447	2293771
GCF_900773915.1_Methanococcoides_methylutens_DSM2657_genomic	2500446	2815195
GCF_900773955.1_Methanococcoides_vulcani_SLH33_genomic	2323185	2686493
GCF_900774055.1_Methanococcoides_AM1_genomic	2482578	2805382
GCF_900774285.1_Methanococcoides_NM1_genomic	2341365	2690294
GCF_900880625.1_WSM64_genomic	3362504	5591625
GCF_901111125.1_PRJEB32190_genomic	1712412	1333445
GCF_902209435.1_Katie-F-Assembly-1_genomic	3948311	6573064
GCF_902377425.1_MGYG-HGUT-01693_genomic	3424955	6120289
GCF_902381785.1_UHGG_MGYG-HGUT-01639_genomic	3991456	7022028
GCF_902383895.1_UHGG_MGYG-HGUT-02161_genomic	2620233	4098721
GCF_902383905.1_UHGG_MGYG-HGUT-02160_genomic	1931651	2008405
GCF_902384015.1_UHGG_MGYG-HGUT-02164_genomic	1767403	1339364
GCF_902384055.1_UHGG_MGYG-HGUT-02163_genomic	1727775	1348567
GCF_902384065.1_UHGG_MGYG-HGUT-02162_genomic	2083509	1469128
GCF_902387285.1_UHGG_MGYG-HGUT-02456_genomic	1666792	2548121
GCF_902387325.1_UHGG_MGYG-HGUT-02446_genomic	1926146	1450366
GCF_902410085.1_KTX-Assembly-1_genomic	4288598	7472896
GCF_902810565.1_MethanocellaB1_genomic	2343956	2950908
GCF_902813195.1_Essen_genomic	1989851	2226511
GCF_904067545.1_T_caminus_IRI35c_genomic	2022529	2734543
GCF_905220655.1_NU5A1_genomic	1814860	2032101
