Identifier	Size1	Size2	Size3	Size4	Size7	Size12	Size14	Level1	Level2	Level3	Level4	Level7	Level12	Level14
GCF_000001985.1_JCVI-PMFA1-2.0_genomic	704138	705421	700842	698792	697805	698402	698227	.94000	.94200	.93550	.93300	.93150	.93250	.93200
GCF_000002495.2_MG8_genomic	499027	498074	495628	494626	494331	494891	494934	.98000	.97800	.97300	.97100	.97050	.97150	.97150
GCF_000002515.2_ASM251v1_genomic	482570	481346	480632	480052	479879	480208	480135	.97500	.97250	.97100	.97000	.96950	.97000	.97000
GCF_000002525.2_ASM252v1_genomic	347406	347408	345164	344118	343594	344155	344114	.96750	.96750	.96150	.95850	.95700	.95850	.95800
GCF_000002545.3_ASM254v2_genomic	502883	503006	500399	498838	498048	498585	498528	.95950	.95950	.95450	.95150	.95000	.95100	.95100
GCF_000002655.1_ASM265v1_genomic	474934	473999	472699	472451	472443	472730	472727	.99050	.98850	.98550	.98500	.98500	.98550	.98550
GCF_000002715.2_ASM271v1_genomic	707642	705752	705820	705306	705343	705343	349722	.98500	.98250	.98250	.98200	.98200	.98200	.99200
GCF_000002855.3_ASM285v2_genomic	348985	349037	348983	349029	349060	349067	467565	.99000	.99000	.99000	.99000	.99000	.99000	.97250
GCF_000002945.1_ASM294v2_genomic	466555	466260	465962	465762	465991	863919	866156	.97050	.97000	.96950	.96900	.96950	.97550	.97800
GCF_000003125.1_JCVI-TSTA1-3.0_genomic	858184	849995	844706	846671	379156	378317	377819	.96900	.96000	.95400	.95600	.98850	.98650	.98500
GCF_000003515.1_ASM351v2_genomic	377797	377732	377910	227236	226487	226018	225902	.98500	.98500	.98550	.98100	.97800	.97600	.97550
GCF_000003835.1_ASM383v1_genomic	225816	225924	225972	297476	297632	296107	295022	.97500	.97550	.97550	.97000	.97050	.96550	.96200
GCF_000003855.2_BD_SLH14081_V1_genomic	294256	294893	294757	562787	561834	559650	558758	.95900	.96100	.96050	.96750	.96550	.96200	.96050
GCF_000004155.1_SCY4_genomic	558353	558915	558708	223537	222719	221945	221451	.95950	.96050	.96000	.94400	.94050	.93750	.93550
GCF_000006335.3_ASM633v3_genomic	221143	221422	221366	594625	594703	592000	589703	.93400	.93500	.93450	.96000	.96000	.95600	.95200
GCF_000006445.2_ASM644v2_genomic	588066	588887	588791	424718	423219	421699	420780	.94950	.95050	.95050	.97400	.97050	.96700	.96500
GCF_000026365.1_ASM2636v1_genomic	420394	420934	420822	334537	334107	332603	331527	.96400	.96550	.96500	.94800	.94650	.94250	.93950
GCF_000026945.1_ASM2694v1_genomic	331037	331476	331400	633677	632091	631793	631479	.93800	.93900	.93900	.98050	.97800	.97750	.97700
GCF_000027005.1_ASM2700v1_genomic	631420	631663	631538	529041	527027	526481	525416	.97700	.97750	.97700	.98400	.98050	.97950	.97750
GCF_000091025.4_ASM9102v4_genomic	525219	525416	525856	377088	376560	375682	375182	.97700	.97750	.97800	.98400	.98250	.98000	.97900
GCF_000091045.1_ASM9104v1_genomic	375071	375251	375175	524604	523906	519598	516945	.97850	.97900	.97850	.91500	.91400	.90650	.90150
GCF_000091225.1_ASM9122v1_genomic	515719	516292	515995	468619	467916	467722	467467	.89950	.90050	.90000	.99050	.98900	.98850	.98800
GCF_000142805.1_ASM14280v1_genomic	467411	467557	467568	166792	165996	165922	165832	.98750	.98800	.98800	.98000	.97550	.97500	.97450
GCF_000143105.1_Sanger-454-IlluminaPA_2.0_genomic	165868	165855	165974	807662	806122	803367	800516	.97450	.97450	.97500	.97700	.97550	.97200	.96850
GCF_000143185.1_v1.0_genomic	799398	800237	800399	404279	403438	402728	402118	.96700	.96800	.96850	.97750	.97550	.97350	.97200
GCF_000143365.1_ASM14336v1_genomic	402039	402249	870861	869346	868928	868216	868039	.97200	.97250	.98400	.98200	.98200	.98100	.98050
GCF_000143535.2_ASM14353v4_genomic	868299	257439	261706	253354	250679	249465	250243	.98100	.84200	.85600	.82900	.82000	.81600	.81850
GCF_000143565.1_V1.0_genomic	249958	424954	423512	423329	422818	422798	422947	.81750	.98100	.97750	.97700	.97600	.97600	.97600
GCF_000145635.1_Gae_graminis_V2_genomic	423113	226545	226030	224837	224604	224400	224769	.97650	.96850	.96650	.96100	.96000	.95950	.96100
GCF_000146045.2_R64_genomic	224580	487519	484076	483675	482783	482548	482876	.96000	.96050	.95350	.95250	.95100	.95050	.95100
GCF_000146465.1_ASM14646v1_genomic	482772	808391	808356	806167	803914	802521	803078	.95100	.97750	.97750	.97500	.97200	.97050	.97100
GCF_000146915.1_ASM14691v2_genomic	802925	965927	965491	963697	961986	961162	961694	.97100	.97600	.97550	.97400	.97200	.97100	.97200
GCF_000146945.2_ASM14694v2_genomic	961713	858679	855501	855276	853885	853623	853950	.97200	.98650	.98250	.98250	.98100	.98050	.98100
GCF_000149035.1_C_graminicola_M1_001_V1_genomic	854472	468616	467568	467615	467425	467438	467521	.98150	.99350	.99100	.99150	.99100	.99100	.99100
GCF_000149205.2_ASM14920v2_genomic	467549	245743	245211	244830	244788	244778	244835	.99100	.98650	.98450	.98250	.98250	.98250	.98250
GCF_000149245.1_CNA3_genomic	244743	365070	364320	362982	362958	362740	363003	.98200	.98650	.98450	.98050	.98050	.98000	.98050
GCF_000149335.2_ASM14933v2_genomic	363173	661627	660152	659551	658723	658621	658885	.98100	.98850	.98650	.98550	.98400	.98400	.98450
GCF_000149385.1_ASM14938v1_genomic	658940	432454	430368	429830	429171	428868	429333	.98450	.97750	.97250	.97150	.97000	.96900	.97000
GCF_000149425.1_ASM14942v1_genomic	342809	341892	341904	341794	341824	341923	341949	.99200	.98950	.98950	.98900	.98900	.98950	.98950
GCF_000149555.1_ASM14955v1_genomic	375354	375927	372994	371540	370751	371256	579264	.95400	.95550	.94800	.94450	.94200	.94350	.98500
GCF_000149585.1_ASM14958v1_genomic	578054	577556	577002	576810	577035	577270	1113478	.98300	.98200	.98100	.98050	.98100	.98150	.98600
GCF_000149615.1_ASM14961v1_genomic	1111865	1110573	1108952	1108368	1108490	1108655	488874	.98450	.98350	.98200	.98150	.98150	.98150	.94450
GCF_000149645.2_ASM14964v3_genomic	487551	485810	484604	484092	484509	484590	802182	.94150	.93850	.93600	.93500	.93550	.93600	.97750
GCF_000149685.1_ASM14968v1_genomic	801213	799448	797713	797045	797540	797487	879977	.97650	.97450	.97200	.97150	.97200	.97200	.93350
GCF_000149845.2_SJ5_genomic	891359	874186	860577	850200	853735	563863	562140	.94550	.92700	.91250	.90150	.90550	.99050	.98750
GCF_000149925.1_ASM14992v1_genomic	562227	561868	561883	561962	562086	454800	464391	.98750	.98700	.98650	.98700	.98700	.80900	.82600
GCF_000149955.1_ASM14995v2_genomic	447343	439259	434636	436147	435505	335060	336273	.79600	.78150	.77300	.77600	.77450	.89350	.89650
GCF_000149985.1_ASM14998v1_genomic	331970	330181	328968	329579	329335	1192868	1192813	.88500	.88050	.87700	.87850	.87800	.96600	.96550
GCF_000150035.1_ASM15003v1_genomic	1188442	1184578	1182414	1183153	616928	614674	614359	.96200	.95900	.95750	.95800	.98100	.97750	.97700
GCF_000150505.1_SO6_genomic	613589	613501	613740	613870	571645	570947	570234	.97600	.97550	.97600	.97600	.98300	.98150	.98050
GCF_000150675.1_ASM15067v2_genomic	569464	569102	569530	569610	1312405	1311828	1309814	.97900	.97850	.97900	.97950	.98400	.98350	.98200
GCF_000150705.2_Paracocci_br_Pb01_V2_genomic	1306898	1304995	1305674	1305894	376458	375561	373870	.97950	.97850	.97900	.97900	.98350	.98100	.97700
GCF_000150735.1_Paracocci_br_Pb18_V2_genomic	373554	373415	373876	373920	232357	231909	230989	.97600	.97550	.97650	.97650	.98300	.98100	.97700
GCF_000150825.1_ASM15082v1_genomic	230633	230293	230426	230532	959063	955904	955843	.97550	.97400	.97450	.97500	.99050	.98700	.98700
GCF_000150975.2_MS_CBS118893_genomic	955053	954883	955061	955273	757293	755076	753807	.98600	.98600	.98600	.98650	.98900	.98650	.98450
GCF_000151125.1_ASM15112v2_genomic	752683	752234	752525	752633	394860	394257	393960	.98300	.98250	.98300	.98300	.98900	.98700	.98650
GCF_000151145.1_ASM15114v1_genomic	393764	393643	393861	393805	680274	677649	677683	.98600	.98550	.98600	.98600	.98750	.98350	.98400
GCF_000151335.2_JCVI-cpa1-1.0_genomic	676944	676928	677074	677362	278844	278105	277698	.98250	.98250	.98300	.98300	.98550	.98300	.98150
GCF_000151355.1_v2.0_genomic	277583	277393	277440	277562	508073	506377	506255	.98100	.98050	.98050	.98100	.99050	.98700	.98700
GCF_000151425.1_ASM15142v1_genomic	505832	505771	505902	506007	752089	752677	748028	.98600	.98600	.98600	.98650	.97650	.97750	.97150
GCF_000151505.1_ASM15150v1_genomic	742622	738176	741485	1175808	1170924	1170847	1168804	.96450	.95850	.96300	.98450	.98000	.98000	.97850
GCF_000151645.1_ASM15164v1_genomic	1168483	1168765	1169502	780421	777941	777798	776974	.97800	.97850	.97900	.99000	.98650	.98650	.98550
GCF_000167675.1_v2.0_genomic	776890	777140	777350	627754	625455	625437	624918	.98550	.98550	.98600	.98950	.98600	.98600	.98500
GCF_000170995.1_TRIVI_v2.0_genomic	624909	625070	1148569	1144912	1142921	1141269	1140610	.98500	.98550	.97800	.97500	.97300	.97200	.97100
GCF_000171015.1_TRIAT_v2.0_genomic	1141371	1136601	1134894	1133603	1132496	1132143	1132564	.97200	.99000	.98850	.98750	.98650	.98600	.98650
GCF_000181695.1_ASM18169v1_genomic	230697	229883	229272	229001	228913	229229	229132	.97250	.96900	.96650	.96500	.96450	.96600	.96550
GCF_000182565.1_S_punctatus_V1_genomic	722357	723908	714337	709604	707262	709733	1036928	.96300	.96500	.95200	.94600	.94250	.94600	.98450
GCF_000182765.1_ASM18276v2_genomic	1035235	1033347	1030910	1029816	1030511	696584	694675	.98250	.98100	.97850	.97750	.97800	.98800	.98500
GCF_000182805.2_ASM18280v2_genomic	694401	693429	693325	693607	693872	1275080	1272141	.98450	.98350	.98300	.98350	.98400	.95450	.95200
GCF_000182895.1_CC3_genomic	1269098	1263932	1259913	1261061	1261594	854837	853735	.95000	.94600	.94300	.94400	.94400	.99250	.99100
GCF_000182925.2_NC12_genomic	853418	853080	853073	853173	853226	1184684	1183632	.99050	.99000	.99000	.99050	.99050	.98250	.98150
GCF_000182965.3_ASM18296v3_genomic	1181242	1178998	1178032	1178627	618653	615315	614978	.97950	.97800	.97700	.97750	.98600	.98050	.98000
GCF_000184455.2_ASM18445v3_genomic	613468	613147	613528	613884	682508	680904	680094	.97750	.97700	.97750	.97800	.98750	.98550	.98400
GCF_000185945.1_ASM18594v1_genomic	679554	679402	679736	679563	331098	329624	329529	.98350	.98300	.98350	.98350	.99050	.98600	.98550
GCF_000187245.1_Hansenula_2_genomic	329414	329436	329553	329510	510800	508536	507172	.98550	.98550	.98550	.98550	.97250	.96800	.96550
GCF_000187405.1_MetAcr_May2010_genomic	505911	505559	505966	505717	740598	739074	734867	.96300	.96250	.96300	.96250	.95350	.95150	.94600
GCF_000187425.2_MAA_2.0_genomic	731513	729572	730057	729860	459328	460040	457357	.94200	.93900	.94000	.93950	.96400	.96500	.95950
GCF_000192795.1_Vavr_culi_floridensis_V1_genomic	455679	454709	455526	631274	630017	627379	625347	.95600	.95400	.95550	.96000	.95800	.95400	.95100
GCF_000203795.1_v1.0_genomic	624554	625125	625103	448047	446964	446618	446118	.95000	.95050	.95050	.98700	.98450	.98400	.98250
GCF_000204055.1_v1.0_genomic	446077	446245	446359	268585	270336	262803	259240	.98250	.98300	.98300	.94000	.94600	.91950	.90700
GCF_000209165.1_ASM20916v1_genomic	257308	258861	258413	572972	570110	568521	567990	.90000	.90550	.90400	.97850	.97350	.97100	.97000
GCF_000213175.1_v2.0_genomic	567857	568053	568034	1229776	1227713	1227054	1225373	.97000	.97000	.97000	.98550	.98400	.98350	.98200
GCF_000218685.1_v1.0_genomic	1224906	1225499	1225708	876459	873314	872555	870636	.98150	.98200	.98250	.98050	.97700	.97650	.97400
GCF_000219625.1_MYCGR_v2.0_genomic	869891	870467	410360	408916	408515	407901	407590	.97350	.97400	.97150	.96850	.96750	.96600	.96500
GCF_000221225.1_CTHT_3.0_genomic	407932	407984	990831	988376	988277	987496	987353	.96600	.96600	.99250	.99000	.99000	.98900	.98900
GCF_000223465.1_Candida_tenuis_v1.0_genomic	987604	987924	415398	413522	413386	412664	412647	.98900	.98950	.98550	.98100	.98050	.97900	.97850
GCF_000223485.1_Spathaspora_passalidarum_v2.0_genomic	412843	248769	247910	247035	246361	246310	246637	.97900	.97800	.97500	.97150	.96850	.96850	.96950
GCF_000225545.1_AOL24927_1.0_genomic	246888	642514	641562	639812	637233	636440	637280	.97050	.97550	.97400	.97150	.96750	.96650	.96750
GCF_000225605.1_CmilitarisCM01_v01_genomic	637839	1053434	1051567	1050409	1049166	1048813	1049286	.96850	.98950	.98800	.98700	.98550	.98550	.98600
GCF_000226095.1_ASM22609v1_genomic	828381	825499	825311	824515	824434	824744	824917	.98600	.98250	.98250	.98150	.98100	.98150	.98150
GCF_000226115.1_ASM22611v1_genomic	733722	733670	730395	727119	724850	725926	725842	.95450	.95450	.95000	.94600	.94300	.94450	.94400
GCF_000226395.1_PenChr_Nov2007_genomic	378833	378932	375394	373756	373024	373269	373171	.94250	.94300	.93400	.93000	.92800	.92850	.92850
GCF_000226545.1_ASM22654v1_genomic	1554531	1550830	1549862	1547435	1546605	1546806	604433	.98850	.98650	.98550	.98400	.98350	.98400	.95800
GCF_000227115.2_ASM22711v2_genomic	604134	601674	599369	597714	598361	598036	581535	.95750	.95350	.95000	.94700	.94800	.94750	.97900
GCF_000230375.1_ASM23037v1_genomic	580157	579961	579649	579599	579794	579779	612568	.97650	.97600	.97550	.97550	.97550	.97550	.95950
GCF_000230625.1_Exop_derm_V1_genomic	611094	610332	609131	608573	609059	395576	394467	.95700	.95600	.95400	.95300	.95400	.96700	.96400
GCF_000231115.1_Vitt_corn_V1_genomic	393717	393238	393026	393411	393349	1111083	1108035	.96250	.96100	.96050	.96150	.96150	.99150	.98900
GCF_000235365.1_ASM23536v1_genomic	1108150	1107211	1107185	1107366	1107740	959950	958064	.98900	.98800	.98800	.98800	.98850	.98250	.98050
GCF_000236905.1_ASM23690v1_genomic	956775	955290	954580	955186	955026	755240	753671	.97950	.97800	.97700	.97750	.97750	.93900	.93700
GCF_000237345.1_ASM23734v1_genomic	747280	740803	736219	737485	736780	1049370	1046479	.92900	.92100	.91550	.91700	.91600	.99050	.98800
GCF_000240135.3_ASM24013v3_genomic	1046494	1045610	1045516	1045765	1046071	597648	595268	.98800	.98700	.98700	.98700	.98750	.97850	.97450
GCF_000243375.1_ASM24337v1_genomic	594425	593473	593101	593612	493163	492610	490598	.97300	.97150	.97100	.97150	.98800	.98650	.98250
GCF_000250985.1_Nema_parisii_ERTm1_V3_genomic	489882	489657	490396	490375	626968	626063	624697	.98100	.98050	.98200	.98200	.98400	.98250	.98050
GCF_000260195.1_FO_II5_V1_genomic	623950	623748	624298	624169	984301	985127	979724	.97950	.97900	.98000	.97950	.97250	.97350	.96800
GCF_000263375.1_Wallemia_sebi_v1.0_genomic	974617	971978	973054	973167	523318	526565	517449	.96300	.96050	.96150	.96150	.95700	.96300	.94600
GCF_000264905.1_Stehi1_genomic	509623	503519	505938	1422915	1513945	1419546	1351685	.93200	.92050	.92500	.87900	.93550	.87700	.83500
GCF_000264995.1_Punctularia_strigosozonata_v1.0_genomic	1298389	1300535	1297952	1299271	1302829	1292538	1283895	.80200	.80350	.80200	.95850	.96100	.95350	.94700
GCF_000271585.1_Trametes_versicolor_v1.0_genomic	1278131	1279752	570241	568502	568584	568346	568379	.94250	.94400	.99100	.98800	.98800	.98800	.98800
GCF_000271605.1_Fomme1_genomic	568421	568512	1068641	1067929	1064505	1061117	1058991	.98800	.98800	.98050	.98000	.97650	.97350	.97150
GCF_000271625.1_Conpu1_genomic	1060209	1060127	498929	496353	495319	494148	493794	.97250	.97250	.95450	.94950	.94750	.94550	.94450
GCF_000271645.1_Treme1_genomic	494131	493988	486832	484092	483749	483045	482866	.94500	.94500	.96750	.96200	.96150	.96000	.95950
GCF_000271745.1_FO_FOSC_3_a_V1_genomic	483178	483129	697309	694710	694468	693442	693211	.96050	.96000	.98850	.98450	.98400	.98300	.98250
GCF_000275845.1_Dichomitus_squalens_v1.0_genomic	693574	693726	1547948	1544459	1544294	1542338	1541704	.98300	.98300	.98500	.98250	.98250	.98150	.98100
GCF_000277815.2_ASM27781v3_genomic	1542172	1093538	1094572	1089762	1084391	1080597	1082115	.98100	.98150	.98250	.97850	.97350	.97000	.97150
GCF_000280035.1_ASM28003v2_genomic	1318583	1317449	1315507	1312177	1311016	1311732	1312346	.97400	.97300	.97150	.96900	.96850	.96900	.96950
GCF_000280675.1_ASM28067v1_genomic	299543	299180	297105	296537	296183	296807	296699	.97150	.97000	.96350	.96150	.96050	.96200	.96200
GCF_000281105.1_Coni_apol_CBS100218_V1_genomic	502368	501871	500832	500317	500159	500412	500362	.98800	.98700	.98500	.98400	.98400	.98400	.98400
GCF_000292625.1_Dacryopinax_sp._DJM_731_SSP1_v1.0_genomic	936120	936525	932589	929494	927202	928412	415377	.98400	.98450	.98050	.97700	.97450	.97600	.96200
GCF_000293215.1_Trichosporon_asahii_1_genomic	416822	407039	403203	400035	403874	403516	988116	.96500	.94250	.93350	.92600	.93500	.93400	.99150
GCF_000298775.1_ASM29877v1_genomic	985364	985305	984392	984298	984548	984808	834322	.98900	.98850	.98800	.98750	.98800	.98800	.96850
GCF_000300555.1_Agabi_varbur_1_genomic	833232	831459	829442	827907	828682	296860	294977	.96700	.96500	.96300	.96100	.96200	.94550	.93950
GCF_000300575.1_Agabi_varbisH97_2_genomic	293970	292951	292319	292808	292810	602580	602891	.93650	.93300	.93100	.93250	.93250	.97950	.98000
GCF_000300595.1_Phanerochaete_carnosa_HHB-10118-Sp_v1.0_genomic	595383	593116	591432	594362	593614	1770634	1769055	.96750	.96400	.96100	.96600	.96450	.99000	.98900
GCF_000303195.2_FP7_genomic	1767355	1764386	1762505	1763168	344606	343571	343285	.98800	.98650	.98550	.98550	.97300	.97050	.96950
GCF_000304475.1_Ka_CBS2517_genomic	342964	342857	343063	343076	450612	450352	447991	.96850	.96800	.96850	.96850	.94750	.94700	.94200
GCF_000313485.1_ASM31348v1_genomic	446341	445453	446239	1096745	1094468	1092322	1089301	.93850	.93650	.93800	.98300	.98100	.97900	.97600
GCF_000313525.1_ASM31352v1_genomic	1087908	1088015	1088188	1696361	1859588	1687691	1578481	.97500	.97500	.97500	.82950	.90900	.82500	.77150
GCF_000315645.1_PdigPd1_v1_genomic	1501234	1503355	808718	804212	802904	798911	796924	.73400	.73500	.95850	.95300	.95150	.94700	.94450
GCF_000315875.1_ASM31587v1_genomic	797673	797971	893848	889949	889800	888598	888447	.94550	.94550	.98100	.97650	.97650	.97500	.97500
GCF_000315915.1_ASM31591v1_genomic	888682	889022	909114	905140	905135	904591	904540	.97500	.97550	.98800	.98350	.98350	.98300	.98300
GCF_000320565.1_Septoria_musiva_SO2202_v1.0_genomic	904693	1019358	1017105	1016228	1014569	1014141	1014563	.98300	.98650	.98450	.98350	.98200	.98150	.98200
GCF_000320585.1_Heterobasidion_irregulare_v2.0_genomic	624362	627576	618058	610452	604780	605836	604903	.94100	.94550	.93150	.92000	.91150	.91300	.91150
GCF_000320785.1_RHOziaDV1.0_genomic	654309	652852	651745	651112	650906	651488	651397	.98800	.98600	.98400	.98350	.98300	.98400	.98350
GCF_000328475.2_Umaydis521_2.0_genomic	706012	704811	702503	700586	699884	700376	700426	.97800	.97600	.97300	.97050	.96950	.97000	.97000
GCF_000338955.1_Bauco1_genomic	946267	944947	942889	939792	937945	938497	938522	.93300	.93150	.92950	.92650	.92450	.92500	.92500
GCF_000338995.1_Cocsa1_genomic	396762	394857	394715	394183	394087	394295	394441	.98350	.97850	.97850	.97700	.97650	.97700	.97750
GCF_000340215.1_Mycfi2_genomic	460779	459472	459523	459316	459337	459406	459456	.99000	.98700	.98750	.98700	.98700	.98700	.98700
GCF_000344685.1_Glotr1_1_genomic	1026802	1024678	1021704	1018019	1016281	1017075	909905	.97850	.97600	.97350	.97000	.96800	.96900	.98850
GCF_000348985.1_ASM34898v1_genomic	907107	906729	906169	906169	906414	906688	1051292	.98550	.98500	.98450	.98450	.98450	.98500	.98800
GCF_000349005.2_Pneumo_murina_B123_V4_genomic	1048105	1048005	1047360	1047285	1047513	1047663	857946	.98500	.98500	.98450	.98450	.98450	.98450	.97950
GCF_000349305.1_ASM34930v2_genomic	862820	854702	839155	828805	831974	2203377	2206699	.98500	.97600	.95800	.94650	.95000	.97050	.97150
GCF_000354255.1_CocheC4_1_genomic	2195220	2183928	2176076	2178020	688370	684798	684917	.96650	.96150	.95800	.95900	.97850	.97300	.97350
GCF_000359705.1_Setospaeria_trucica_Et28A_v1.0_genomic	683936	683852	683935	1051992	1050559	1049998	1049188	.97200	.97200	.97200	.98800	.98650	.98600	.98500
GCF_000365145.1_Phia_euro_CBS_101466_V1_genomic	1049085	1049363	1049467	1346835	1335596	1335407	1329656	.98500	.98500	.98550	.95700	.94900	.94900	.94500
GCF_000365165.1_Clad_carr_CBS_160_54_V1_genomic	1327203	1328353	1329633	390715	393017	387624	384463	.94300	.94400	.94450	.92850	.93400	.92100	.91350
GCF_000392275.1_UCRPA7V03_genomic	382502	383604	383133	877537	878125	873922	869519	.90900	.91150	.91050	.97900	.97950	.97500	.97000
GCF_000400465.1_Wallemia_ichthyophaga_version_1.0_genomic	866633	868509	867832	560999	558193	558234	557443	.96700	.96900	.96800	.97600	.97100	.97100	.96950
GCF_000403515.1_ASM40351v1_genomic	557365	557479	557787	1174973	1169440	1169483	1168088	.96950	.96950	.97000	.98550	.98050	.98100	.97950
GCF_000409485.1_GLAREA_genomic	1167795	1168251	1168582	613962	611457	611476	611056	.97950	.97950	.98000	.99000	.98600	.98600	.98550
GCF_000417875.1_Pflocc_1.0_genomic	611027	611206	611230	1158091	1153328	1153273	1151734	.98550	.98550	.98550	.98750	.98350	.98350	.98200
GCF_000439145.1_ASM43914v3_genomic	1151395	1151869	981833	977552	977567	976191	975926	.98200	.98250	.98050	.97600	.97650	.97500	.97450
GCF_000464535.1_EPUS_genomic	976299	287763	286808	286693	286654	286664	286759	.97500	.99300	.99000	.98950	.98950	.98950	.98950
GCF_000497045.1_PSEUBRA1_genomic	286715	594968	593185	593328	592963	592996	593059	.98950	.98950	.98650	.98650	.98600	.98600	.98600
GCF_000507465.1_Kwon_mang_CBS8507_V2_genomic	494628	493120	493200	492949	492987	493044	493138	.98950	.98650	.98700	.98650	.98650	.98650	.98650
GCF_000512565.1_Cryp_deje_CBS10117_V1_genomic	854443	851998	852152	851453	851397	851571	851859	.98950	.98650	.98650	.98600	.98600	.98600	.98650
GCF_000512585.1_Cryp_best_CBS10118_V1_genomic	446883	445271	445093	444714	444664	444890	444950	.98700	.98350	.98300	.98200	.98200	.98250	.98250
GCF_000512605.1_Cryp_pinu_CBS10737_V1_genomic	1716752	1712609	1711543	1708398	1707400	1707941	903259	.98800	.98550	.98500	.98300	.98250	.98300	.98900
GCF_000516985.1_PFICI_genomic	901072	900956	900399	900327	900410	808566	806115	.98700	.98650	.98600	.98600	.98600	.98950	.98650
GCF_000523435.1_Cochliobolus_carbonum_v1.0_genomic	805643	804685	804494	804891	804955	806016	802789	.98550	.98450	.98400	.98450	.98500	.99000	.98600
GCF_000523455.1_Cochliobolus_miyabeanus_v1.0_genomic	802837	802301	802257	802440	802536	963947	962091	.98600	.98550	.98500	.98550	.98550	.99050	.98900
GCF_000527765.1_Cochliobolus_victoriae_v1.0_genomic	961846	960797	960610	960895	961132	481004	477828	.98850	.98750	.98750	.98750	.98800	.97750	.97100
GCF_000576695.1_AUH_PRJEB4427_v1_genomic	477311	476873	476748	477036	483658	482375	482390	.96950	.96900	.96850	.96900	.99200	.98950	.98950
GCF_000585515.1_Clad_yegr_CBS_114405_V1_genomic	482343	482380	482410	482423	519084	517613	517610	.98900	.98900	.98900	.98900	.98500	.98200	.98200
GCF_000585535.1_Clad_psam_CBS_110553_V1_genomic	517385	517341	517452	896508	892578	892661	892073	.98200	.98150	.98200	.98750	.98350	.98350	.98300
GCF_000585565.1_Capr_epim_CBS_606_96_V1_genomic	892032	892193	950487	946149	945959	945102	945006	.98250	.98300	.98650	.98200	.98200	.98100	.98100
GCF_000585585.1_Capr_coro_CBS_617_96_V1_genomic	945243	375919	374160	374213	374080	374084	374124	.98100	.98800	.98350	.98350	.98300	.98300	.98300
GCF_000600275.1_Eurhe1_genomic	374158	797759	794743	794164	793084	792783	793096	.98300	.98700	.98300	.98250	.98100	.98050	.98100
GCF_000708205.1_Mixia_osmundae_v1.0_genomic	793193	539996	538748	538744	538355	538369	538462	.98100	.99100	.98850	.98850	.98800	.98800	.98800
GCF_000709125.1_Exop_aqua_CBS_119918_V1_genomic	538590	301559	300076	299704	299063	299015	299181	.98800	.96950	.96450	.96350	.96150	.96100	.96150
GCF_000711695.1_Tilletiaria_anomala_UBC_951_v1.0_genomic	646024	645659	642804	640241	638769	639831	639582	.97300	.97250	.96800	.96400	.96200	.96350	.96300
GCF_000721755.1_Aureobasidium_pullulans_var._subglaciale_EXF-2481_v1.0_genomic	427355	426547	426412	426304	426355	426426	426431	.99150	.99000	.98950	.98900	.98950	.98950	.98950
GCF_000721765.1_Aureobasidium_pullulans_var._namibiae_CBS_147.97_v1.0_genomic	506745	504968	503870	502443	501943	502181	589906	.94750	.94450	.94250	.93950	.93850	.93900	.98700
GCF_000721775.1_Aureobasidium_pullulans_var._melanogenum_CBS_110374_v1.0_genomic	587236	587096	586662	586620	586882	586828	491030	.98250	.98200	.98150	.98150	.98150	.98150	.99100
GCF_000721785.1_Aureobasidium_pullulans_var._pullulans_EXF-150_assembly_version_1.0_genomic	489143	489197	489007	489037	489150	489167	1262048	.98700	.98700	.98700	.98700	.98700	.98700	.97850
GCF_000732125.1_ScApio1.0_genomic	1257042	1256440	1253233	1251725	1252228	1811479	1807963	.97500	.97450	.97200	.97050	.97100	.98800	.98600
GCF_000747765.1_ASM74776v1_genomic	1806268	1802167	1800555	1800858	881151	878720	878758	.98550	.98300	.98200	.98250	.99050	.98750	.98750
GCF_000760515.2_UGP1.1_genomic	878334	878332	878444	878599	354220	353782	352021	.98700	.98700	.98750	.98750	.98500	.98350	.97850
GCF_000769745.1_ASM76974v1_genomic	351115	350392	350600	602928	600789	600751	600503	.97600	.97400	.97450	.99050	.98700	.98700	.98650
GCF_000803265.1_ASM80326v1_genomic	600488	600625	373073	371726	371770	371677	371701	.98650	.98650	.99150	.98800	.98800	.98800	.98800
GCF_000804445.1_MAM_1.0_for_version_1_of_the_Metarhizium_album_genome_genomic	371774	371779	1444531	1441632	1440400	1438540	1437638	.98800	.98800	.98900	.98700	.98600	.98500	.98450
GCF_000814965.1_MBR_1.0_genomic	1438275	915537	912697	912691	912110	912058	912287	.98450	.99100	.98800	.98800	.98750	.98750	.98750
GCF_000820605.1_S_brasiliensis_5110_v1_genomic	912391	742236	739799	739791	739464	739475	739627	.98750	.99000	.98650	.98650	.98600	.98600	.98650
GCF_000835455.1_Fons_pedr_CBS_271_37_V1_genomic	739687	209600	208990	209006	209048	209061	209057	.98650	.98950	.98650	.98650	.98700	.98700	.98650
GCF_000835475.1_Clad_bant_CBS_173_52_V1_genomic	209059	415248	413965	413983	413856	413882	413945	.98650	.98950	.98650	.98650	.98650	.98650	.98650
GCF_000835495.1_Clad_immu_CBS83496_V1_genomic	413998	1163691	1161317	1160108	1158457	1157675	1158257	.98650	.98700	.98500	.98400	.98250	.98200	.98250
GCF_000835505.1_Exop_xeno_CBS118157_V1_genomic	1158223	1208998	1203813	1203698	1201346	1200694	1201153	.98250	.98050	.97650	.97650	.97450	.97400	.97400
GCF_000835515.1_Exop_olig_CBS72588_V1_genomic	555097	553569	553633	553284	553304	553361	553489	.98900	.98650	.98650	.98600	.98600	.98600	.98600
GCF_000835555.1_Rhin_mack_CBS_650_93_V1_genomic	268710	269040	266857	265132	263968	264919	264547	.93200	.93300	.92550	.91950	.91500	.91850	.91700
GCF_000836115.1_Exop_spin_CBS89968_V1_genomic	801410	798822	798789	797276	796850	797193	797649	.97550	.97250	.97250	.97050	.97000	.97050	.97100
GCF_000836275.1_Exop_meso_CBS40295_V1_genomic	747223	745721	745750	745649	745669	745758	745795	.99550	.99350	.99350	.99300	.99300	.99350	.99350
GCF_000836295.1_O_gall_CBS43764_genomic	492734	489396	489311	488464	488274	488548	488772	.98600	.97950	.97900	.97750	.97700	.97750	.97800
GCF_000836435.1_Fons_mult_CBS_102226_V1_genomic	892864	891773	889600	887080	885461	886289	924131	.97700	.97600	.97350	.97050	.96900	.96950	.98700
GCF_000938715.1_LALA0_genomic	920505	919774	919229	919025	919403	244683	240875	.98300	.98250	.98150	.98150	.98200	.93050	.91600
GCF_000961545.1_S_schenckii_v1_genomic	240452	238442	238068	238385	238785	2375578	2377277	.91450	.90650	.90500	.90650	.90800	.96550	.96600
GCF_000968595.1_ASM96859v1_genomic	2368187	2358067	2350299	2351781	345424	344402	344356	.96200	.95800	.95500	.95550	.97250	.96950	.96950
GCF_000988165.1_ASM98816v1_genomic	344159	344109	344256	344279	1234242	1238142	1229335	.96900	.96850	.96900	.96900	.92150	.92400	.91750
GCF_001027345.1_Triol1_genomic	1219819	1210789	1211935	1211007	518408	517192	516076	.91050	.90400	.90450	.90400	.93800	.93600	.93350
GCF_001204775.2_ASM120477v2_genomic	514599	513725	514269	514341	838634	836006	835963	.93100	.92950	.93050	.93050	.99000	.98700	.98700
GCF_001278385.1_MalaPachy_genomic	835363	835385	835561	637734	636233	636018	635550	.98600	.98600	.98650	.98900	.98650	.98600	.98550
GCF_001298625.1_SEUB3.0_genomic	635499	635727	635789	632237	631070	630281	629489	.98550	.98550	.98550	.97900	.97700	.97600	.97450
GCF_001299255.1_ASM129925v1_genomic	629138	629469	629437	999018	999069	996604	994278	.97400	.97450	.97450	.98500	.98500	.98250	.98000
GCF_001329695.1_Rhoba1_1_genomic	992796	993633	993187	1714852	1712091	1711518	1709398	.97850	.97950	.97900	.98900	.98750	.98700	.98600
GCF_001417885.1_Kmar_1.0_genomic	1707648	1708107	1708629	279034	277889	274425	273502	.98500	.98500	.98550	.95900	.95500	.94300	.93950
GCF_001447935.2_debFab1.1_genomic	272963	273611	273588	673699	673538	670652	667923	.93750	.94000	.94000	.98350	.98300	.97900	.97500
GCF_001477535.1_Pneu_jiro_RU7_V2_genomic	666203	667384	667217	460688	458887	458913	458340	.97250	.97400	.97400	.98700	.98300	.98300	.98200
GCF_001477545.1_Pneu_cari_B80_V3_genomic	458352	458492	458699	424463	425213	421316	419267	.98200	.98200	.98250	.95450	.95600	.94700	.94250
GCF_001481775.2_TGAM01v2_genomic	418152	418925	418600	794729	793594	789757	786527	.94000	.94150	.94100	.97650	.97500	.97050	.96650
GCF_001500285.1_Phisc1_genomic	785257	786034	786031	764429	770341	756596	747710	.96500	.96600	.96600	.93250	.93950	.92300	.91200
GCF_001548555.1_ASM154855v1_genomic	743450	745715	745076	1013382	1011246	1009935	1008860	.90650	.90950	.90850	.98850	.98650	.98500	.98400
GCF_001561935.1_ASM156193v1_genomic	1008522	1008794	1009054	632225	630020	630074	629865	.98350	.98400	.98400	.99150	.98800	.98800	.98800
GCF_001619985.1_Xylona_heveae_TC161_v1.0_genomic	629892	629984	630025	301029	300057	300079	299997	.98800	.98800	.98800	.99100	.98750	.98750	.98750
GCF_001625195.1_ASM162519v1_genomic	300002	300064	300083	1482529	1477833	1477809	1476405	.98750	.98750	.98750	.98950	.98650	.98650	.98550
GCF_001632365.1_Laesu1_genomic	1476124	1476490	458303	457060	457098	457022	457037	.98550	.98550	.99050	.98800	.98800	.98750	.98750
GCF_001636725.1_ISF_1.0_genomic	457046	457074	1033755	1030467	1030351	1029784	1029650	.98750	.98750	.98700	.98400	.98400	.98350	.98300
GCF_001638985.1_Phybl2_genomic	1029950	1030061	397521	396340	395108	394798	394613	.98350	.98350	.97800	.97500	.97200	.97100	.97050
GCF_001640025.1_ASM164002v2_genomic	394952	394940	710983	708639	708166	706813	706545	.97150	.97100	.97700	.97350	.97300	.97100	.97050
GCF_001641265.1_ASM164126v1_genomic	706761	707352	606822	603580	602648	600992	600226	.97100	.97150	.95600	.95100	.94950	.94700	.94550
GCF_001642045.1_Parsp1_genomic	600897	601009	458845	457252	456669	455613	455375	.94650	.94700	.98600	.98250	.98150	.97900	.97850
GCF_001642055.1_Altal1_genomic	455744	455949	666734	665599	664478	663093	662662	.97950	.97950	.99000	.98850	.98650	.98450	.98400
GCF_001642475.1_ASM164247v1_genomic	663218	396798	395371	395235	394561	394475	394681	.98450	.95800	.95450	.95400	.95250	.95200	.95250
GCF_001646965.1_ASM164696v1_genomic	394957	2423632	2413399	2410346	2401642	2391906	2393785	.95350	.96250	.95850	.95750	.95400	.95000	.95100
GCF_001651985.1_ASM165198v1_genomic	2394675	698242	695678	694684	693216	692689	693176	.95100	.98100	.97750	.97600	.97400	.97300	.97400
GCF_001653235.2_ASM165323v2_genomic	693172	1204084	1199863	1198534	1195780	1194440	1195186	.97400	.98100	.97750	.97650	.97400	.97300	.97350
GCF_001653265.1_ASM165326v1_genomic	1195757	561984	560743	560536	559951	559976	560198	.97400	.99000	.98800	.98750	.98650	.98650	.98700
GCF_001661235.1_Picme2_genomic	560416	443604	442735	440718	439398	438948	439475	.98750	.96950	.96750	.96300	.96000	.95900	.96000
GCF_001661255.1_Wican1_genomic	439569	571521	569478	569349	568743	568568	568860	.96050	.98650	.98300	.98250	.98150	.98150	.98200
GCF_001661265.1_Saico1_genomic	568968	1184421	1180639	1180560	1178927	1178724	1178894	.98200	.98500	.98200	.98200	.98050	.98050	.98050
GCF_001661335.1_Babin1_genomic	1179613	540949	538099	536920	536082	535891	536336	.98100	.98450	.97950	.97700	.97550	.97550	.97600
GCF_001661345.1_Ascru1_genomic	536396	1273033	1268606	1265503	1259736	1255713	1257189	.97600	.98250	.97900	.97650	.97200	.96900	.97000
GCF_001661395.1_Hypbu1_genomic	1257537	1124497	1122230	1122088	1121153	1120985	1121220	.97050	.99050	.98850	.98800	.98750	.98700	.98750
GCF_001661405.1_Cybja1_genomic	1121538	452572	451643	451630	451606	451676	451726	.98750	.99500	.99300	.99300	.99300	.99300	.99350
GCF_001661415.1_Canta1_genomic	451718	827420	825169	825108	824242	824048	824242	.99300	.98850	.98600	.98600	.98500	.98450	.98500
GCF_001662655.1_ASM166265v1_genomic	824490	733366	731724	730496	729041	728508	728807	.98500	.97900	.97700	.97550	.97350	.97250	.97300
GCF_001664035.1_Metbi1_genomic	729161	349691	348337	348339	348064	348081	348183	.97350	.98850	.98450	.98450	.98350	.98350	.98400
GCF_001664045.1_Hanpo2_genomic	348303	847411	845512	845568	845142	845195	845251	.98400	.99300	.99050	.99050	.99000	.99000	.99000
GCF_001672515.1_ASM167251v1_genomic	845433	2620491	2615196	2615157	2612502	2611723	2612082	.99050	.99200	.99000	.99000	.98900	.98850	.98850
GCF_001720155.1_Tsuc_wing_CBS7118_V1_genomic	1568093	1564354	1564369	1562896	1562260	1562545	1562773	.98850	.98600	.98600	.98500	.98450	.98450	.98500
GCF_001720205.1_Cryp_amyl_CBS6039_V3_genomic	663756	662478	662103	661320	661202	661488	661654	.98950	.98750	.98700	.98550	.98550	.98600	.98600
GCF_001773325.1_ASM177332v1_genomic	1105462	1103685	1103174	1101904	1101693	1101898	1102265	.98800	.98650	.98600	.98450	.98450	.98450	.98500
GCF_001792695.1_ASM179269v1_genomic	1095040	1092247	1092251	1091628	1091593	1091733	1091931	.99250	.99000	.99000	.98950	.98950	.98950	.98950
GCF_001831195.1_CORC01_genomic	745289	743350	743369	742962	742958	743096	743165	.99250	.98950	.98950	.98900	.98900	.98950	.98950
GCF_001883845.1_ASM188384v1_genomic	617543	616247	616183	615901	615872	616010	449128	.99150	.98950	.98950	.98900	.98900	.98900	.94550
GCF_001890105.1_Aspzo1_genomic	449317	446909	445836	445153	445598	445485	623332	.94600	.94100	.93850	.93700	.93800	.93750	.98750
GCF_001890125.1_Aspve1_genomic	620933	620941	620632	620609	620756	620786	849045	.98400	.98400	.98350	.98350	.98350	.98350	.97250
GCF_001890705.1_Aspsy1_genomic	847510	843272	838013	835717	837211	837497	472488	.97050	.96600	.96000	.95700	.95900	.95900	.98400
GCF_001890725.1_Aspwe1_genomic	471264	470821	470648	470623	470717	470625	723313	.98150	.98050	.98000	.98000	.98000	.98000	.97600
GCF_001890805.1_Aspgl1_genomic	721230	717930	714868	713226	714217	714044	820215	.97300	.96850	.96450	.96200	.96350	.96300	.94700
GCF_001890905.1_Aspac1_genomic	826939	816866	810949	807887	809226	809151	1018649	.95500	.94350	.93650	.93300	.93450	.93450	.97900
GCF_001896365.1_ASM189636v1_genomic	1019092	1014596	1009423	1004775	1006615	1006631	1139766	.97950	.97500	.97000	.96550	.96750	.96750	.98950
GCF_001907595.1_ASM190759v1_genomic	1137496	1137091	1135973	1135692	1135950	1136145	760257	.98750	.98750	.98650	.98600	.98650	.98650	.98300
GCF_002072235.1_ASM207223v1_genomic	758857	757122	755589	755168	755732	755731	544022	.98100	.97900	.97700	.97650	.97700	.97700	.97050
GCF_002079055.1_ASM207905v1_genomic	543271	540941	538676	537339	538557	622885	620682	.96900	.96500	.96050	.95850	.96050	.98350	.98000
GCF_002102565.1_Kocim1_genomic	620568	620256	620233	620385	620360	335936	334811	.98000	.97950	.97950	.97950	.97950	.98500	.98150
GCF_002104995.1_Linpe1_genomic	334669	334506	334483	334596	725892	724500	723884	.98100	.98050	.98050	.98050	.99000	.98800	.98750
GCF_002105095.1_Pseve2_genomic	722884	722617	722954	723016	767932	766108	765905	.98600	.98550	.98600	.98600	.98600	.98350	.98300
GCF_002105105.1_Prola1_genomic	764843	764706	764964	765357	814146	812222	812284	.98200	.98150	.98200	.98250	.99050	.98800	.98800
GCF_002105155.1_Lobtra1_genomic	811840	811827	811867	812048	538078	536609	536561	.98750	.98750	.98750	.98750	.98450	.98200	.98150
GCF_002117355.1_PosplRSB12_1_genomic	535940	535969	536056	682050	680301	680266	679878	.98050	.98050	.98050	.98800	.98550	.98550	.98500
GCF_002237265.1_ASM223726v2_genomic	679864	679973	680106	531535	531291	529602	528636	.98500	.98500	.98500	.98300	.98250	.97950	.97750
GCF_002251995.1_ASM225199v2_genomic	528255	528737	528688	915266	911354	910467	908254	.97700	.97750	.97750	.98200	.97800	.97700	.97450
GCF_002708625.1_Rhimi1_1_genomic	907268	908066	908330	1041739	1037442	1036931	1035251	.97350	.97400	.97450	.98600	.98200	.98150	.98000
GCF_002742065.1_CB0940_V2_genomic	1034375	1035099	1035328	1598597	1592113	1591448	1588244	.97900	.97950	.98000	.98550	.98150	.98100	.97900
GCF_002775015.1_Cand_auris_B11221_V1_genomic	1586329	1587272	2382129	2378903	2376562	2371453	2368571	.97800	.97850	.98550	.98400	.98300	.98100	.98000
GCF_002846915.1_Aspergillus_ochraceoroseus_IBT_24754_v1.1_genomic	2369380	264588	263705	263609	263572	263551	263661	.98000	.99200	.98850	.98800	.98800	.98800	.98850
GCF_002847045.1_Aspcand1_genomic	263607	645992	643872	643830	643448	643421	643574	.98800	.99100	.98750	.98750	.98700	.98700	.98700
GCF_002847465.1_Aspnov1_genomic	608339	605860	605939	605320	605328	605445	605684	.98750	.98350	.98350	.98250	.98250	.98250	.98300
GCF_002847485.1_Aspcam1_genomic	2297562	2302495	2289421	2277619	2269623	2271202	554188	.95700	.95900	.95350	.94850	.94550	.94600	.94350
GCF_002849105.1_Aspste1_genomic	550270	550441	548449	547820	548255	548765	358865	.93650	.93700	.93350	.93250	.93300	.93400	.98150
GCF_002865645.1_Melbi2_genomic	356615	356596	356398	356370	356503	1320796	1315997	.97500	.97500	.97450	.97450	.97450	.98000	.97650
GCF_002926055.2_CanHae_1.0_genomic	1315851	1314553	1314196	1314542	464551	462524	460830	.97650	.97550	.97550	.97550	.97750	.97350	.97000
GCF_002926085.2_CanDuoHae_v1.0_genomic	459498	458834	459718	459710	475149	471769	471817	.96700	.96550	.96750	.96750	.97450	.96750	.96750
GCF_003013735.1_Cand_pseudohaemulonii_B12108_genomic	471271	471239	471325	296648	294761	294698	294244	.96650	.96600	.96650	.97700	.97100	.97050	.96950
GCF_003019875.1_Amore1_genomic	294198	294343	294492	733512	732471	731943	731106	.96900	.96950	.97000	.98600	.98450	.98400	.98300
GCF_003025095.1_Triha_v1.0_genomic	730939	731136	627026	625986	625806	625406	625384	.98250	.98300	.98850	.98700	.98650	.98600	.98600
GCF_003025105.1_Trias_v._1.0_genomic	625483	625576	831437	829363	829074	827615	827347	.98600	.98600	.98250	.98000	.97950	.97800	.97750
GCF_003025115.1_Trici_v4.0_genomic	827624	828172	1304213	1301679	1301556	1300248	1300116	.97800	.97850	.98850	.98650	.98650	.98550	.98550
GCF_003054445.1_ASM305444v1_genomic	1300293	1300847	1258346	1255945	1255955	1255129	1255065	.98550	.98600	.99150	.98950	.98950	.98900	.98850
GCF_003144115.1_Tilwa1_genomic	1255277	425935	424938	424994	424783	424833	424889	.98900	.99100	.98900	.98900	.98850	.98850	.98850
GCF_003144135.1_Rhodsp1_genomic	424972	1077992	1075672	1075236	1073730	1073566	1073767	.98850	.98700	.98450	.98450	.98300	.98250	.98300
GCF_003144195.1_Cersp1_genomic	1074451	1736553	1732982	1732990	1730910	1730488	1730746	.98350	.98800	.98600	.98600	.98500	.98450	.98450
GCF_003144205.1_Meimi1_genomic	801332	799620	799631	799160	799147	799248	799451	.99100	.98900	.98900	.98800	.98800	.98850	.98850
GCF_003144245.1_Jamsp1_genomic	1443266	1440235	1440163	1438522	1438332	1438529	756406	.98850	.98600	.98600	.98500	.98500	.98500	.98750
GCF_003144295.1_Acain1_genomic	754633	754674	753917	753960	754075	754483	1295565	.98550	.98550	.98450	.98450	.98450	.98500	.98700
GCF_003184525.1_Aspscl1_genomic	1292610	1292483	1290862	1290657	1290892	878380	876560	.98500	.98500	.98350	.98350	.98350	.99050	.98850
GCF_003184535.1_Aspeuc1_genomic	876564	876012	876018	876139	876372	893590	891820	.98850	.98800	.98800	.98800	.98800	.98850	.98650
GCF_003184545.1_Asphet1_genomic	891708	890946	890755	890996	891265	706554	705104	.98600	.98550	.98500	.98550	.98550	.98900	.98650
GCF_003184585.1_Aspsac1_genomic	705139	704588	704637	704721	704980	5365143	5356051	.98700	.98600	.98600	.98600	.98650	.99000	.98850
GCF_003184595.1_Asplac1_genomic	5356234	5350405	5347297	5348200	1104122	1099187	1097567	.98850	.98750	.98700	.98700	.97250	.96850	.96700
GCF_003184625.1_Aspneo1_genomic	1095241	1094381	1094946	1095450	910410	907711	907766	.96500	.96400	.96450	.96500	.99200	.98900	.98900
GCF_003184695.1_Aspbru1_genomic	907175	907103	907315	1129529	1127118	1127249	1126422	.98850	.98850	.98850	.99100	.98900	.98900	.98850
GCF_003184745.1_Aspuva1_genomic	1126397	1126534	1255640	1253092	1252890	1252050	1251820	.98850	.98850	.99250	.99050	.99050	.98950	.98950
GCF_003184755.1_Asppip1_genomic	1252086	362828	361810	361744	361421	361462	361513	.98950	.98800	.98500	.98500	.98400	.98400	.98400
GCF_003184765.1_Aspacu1_genomic	361622	752115	753204	749093	748212	747224	747864	.98450	.95000	.95150	.94600	.94500	.94350	.94450
GCF_003184785.1_Aspjap1_genomic	747570	322778	322383	320693	319673	319192	319623	.94400	.97400	.97300	.96750	.96450	.96300	.96450
GCF_003184825.1_Aspfij1_genomic	272631	271776	271723	271690	271714	271753	271765	.98600	.98250	.98250	.98250	.98250	.98250	.98250
GCF_003184835.1_Aspcos1_genomic	422081	421861	416733	415228	414336	415359	415210	.97050	.97000	.95800	.95450	.95250	.95500	.95450
GCF_003184845.1_Aspibe1_genomic	428618	426851	426638	425892	425762	425992	460533	.97700	.97300	.97250	.97100	.97050	.97100	.97650
GCF_003184865.1_Asphom1_genomic	459503	458122	457239	457053	457333	457362	537818	.97400	.97100	.96950	.96900	.96950	.96950	.99200
GCF_003184925.1_Aspvad1_genomic	536379	536359	536125	536134	536231	536247	674813	.98950	.98900	.98900	.98900	.98900	.98900	.99150
GCF_003290485.1_ASM329048v1_genomic	672488	672570	672287	672316	672429	672495	489971	.98800	.98800	.98800	.98800	.98800	.98800	.98350
GCF_003316985.1_ASM331698v1_genomic	488839	487596	486917	486632	487260	487298	296143	.98150	.97850	.97750	.97700	.97800	.97800	.98650
GCF_003344945.1_Aspwel1_genomic	295137	295134	294966	294992	295068	295099	714815	.98300	.98300	.98250	.98250	.98250	.98250	.99050
GCF_003357145.1_ASM335714v1_genomic	712566	712398	711742	711750	711871	712218	887061	.98750	.98700	.98600	.98600	.98650	.98700	.95100
GCF_003369625.1_ASM336962v1_genomic	883503	883746	882791	882616	882445	882845	554798	.94750	.94750	.94650	.94650	.94600	.94650	.98600
GCF_003426965.1_ASM342696v1_genomic	552539	551491	550141	549502	550440	550448	523025	.98200	.98000	.97750	.97650	.97800	.97800	.99200
GCF_003711515.1_Sodal1_genomic	521870	521893	521680	521735	521760	521882	357932	.98950	.98950	.98950	.98950	.98950	.98950	.98900
GCF_003724135.2_ASM372413v2_genomic	356333	356337	356067	356081	356175	356196	337109	.98500	.98500	.98400	.98400	.98400	.98400	.99500
GCF_003851025.1_SCP_1.1_genomic	336330	336346	336270	336336	336356	336399	609169	.99250	.99250	.99250	.99250	.99250	.99250	.98400
GCF_003942205.1_ASM394220v1_genomic	607053	605146	602751	602034	602670	603342	799850	.98100	.97750	.97400	.97250	.97350	.97450	.99350
GCF_004011695.1_Arabiei_Me14_genomic	798608	798318	797896	797770	798056	667130	665975	.99200	.99150	.99100	.99100	.99150	.99450	.99250
GCF_004022145.1_Paevar1_genomic	665903	665778	665770	665897	499436	498580	498524	.99250	.99250	.99250	.99250	.99550	.99350	.99350
GCF_004154835.1_ASM415483v1_genomic	498459	498510	498592	498541	1234112	1231824	1231867	.99350	.99350	.99350	.99350	.99400	.99250	.99250
GCF_004337985.1_ASM433798v1_genomic	1231414	1231379	1231568	1231708	1019453	1017796	1016831	.99200	.99200	.99200	.99200	.98500	.98300	.98250
GCF_004353045.1_ASM435304v1_genomic	1015568	1014941	1015412	498903	497341	497381	497279	.98100	.98050	.98100	.98800	.98500	.98500	.98450
GCF_004355905.1_ASM435590v1_genomic	497292	497299	497304	1326985	1325820	1322427	1317880	.98450	.98450	.98450	.98600	.98500	.98250	.97950
GCF_005498985.1_PGRAM_IIB_1.0_genomic	1315599	1316578	1316683	896368	893892	893972	893516	.97750	.97850	.97850	.99100	.98800	.98800	.98750
GCF_006535985.1_ASM653598v1_genomic	893473	893483	1302865	1300047	1299494	1298089	1297576	.98750	.98750	.99000	.98800	.98750	.98650	.98600
GCF_007821495.1_CFIA_Lhya_EG2017_genomic	1298016	889831	886890	886890	885839	885709	885935	.98650	.98400	.98100	.98100	.98000	.97950	.98000
GCF_008629635.1_Kwon_shan_CBS_12478_V1_genomic	886393	151736	151113	151155	151144	151156	151146	.98050	.98150	.97750	.97750	.97750	.97750	.97700
GCF_008694065.1_Dalch_JS-1345_genomic	534104	533403	532543	531922	531723	532050	532099	.98700	.98600	.98400	.98300	.98250	.98300	.98350
GCF_008704595.1_ASM870459v1_genomic	597825	596659	596280	595795	595733	595895	595987	.98800	.98600	.98550	.98450	.98450	.98500	.98500
GCF_009176365.1_Aspalli1_genomic	533808	532057	531698	531346	531214	531472	531494	.98750	.98400	.98350	.98250	.98250	.98300	.98300
GCF_009193445.1_Asppset1_genomic	645683	644074	643902	643412	643407	643502	643594	.98750	.98500	.98500	.98400	.98400	.98400	.98450
GCF_009193585.1_Aspcae1_genomic	420010	418870	418743	418233	418186	418303	418440	.98450	.98150	.98150	.98000	.98000	.98000	.98050
GCF_009193645.1_Asppsen1_genomic	279731	278467	278524	278491	278514	278532	278520	.98600	.98150	.98200	.98200	.98200	.98200	.98150
GCF_009771025.1_ASM977102v1_genomic	610017	608478	608519	608139	608113	608173	608350	.98650	.98400	.98450	.98350	.98350	.98350	.98400
GCF_010015565.1_Disac1_genomic	579613	578167	578144	577742	577775	577883	578050	.99000	.98750	.98750	.98650	.98650	.98700	.98700
GCF_010015585.1_Erebi1_genomic	902670	900088	898885	896919	896111	896922	496088	.98250	.97950	.97800	.97600	.97500	.97600	.99200
GCF_010015615.1_Cucbe1_genomic	494950	494937	494785	494816	494865	503340	501706	.98950	.98950	.98950	.98950	.98950	.98150	.97800
GCF_010015735.1_Aaoar1_genomic	501480	501193	501146	501332	501328	856740	854267	.97750	.97700	.97700	.97750	.97750	.98800	.98500
GCF_010015815.1_Dotsy1_genomic	854332	853608	853604	853740	734444	731951	731879	.98550	.98450	.98450	.98450	.99350	.99000	.99000
GCF_010093505.1_Horac1_genomic	731413	731367	731529	751014	748144	748127	747460	.98950	.98900	.98950	.98750	.98350	.98350	.98250
GCF_010093535.1_Linin1_genomic	747418	747548	806995	805095	804812	803951	803872	.98250	.98250	.98500	.98250	.98250	.98150	.98100
GCF_010093595.1_Mytre1_genomic	803966	804295	658124	654565	654593	653209	653037	.98100	.98150	.98450	.97900	.97900	.97700	.97650
GCF_010093625.1_Macan1_genomic	653271	653932	1744469	1741177	1740354	1737149	1735137	.97700	.97800	.98350	.98200	.98150	.97950	.97850
GCF_010093815.1_Psehy1_genomic	1735636	1267561	1434600	1263695	1166129	1105040	1107267	.97850	.76700	.86800	.76450	.70550	.66850	.67000
GCF_010093885.1_Aplpr1_genomic	772255	770539	770679	770239	770252	770343	284531	.99150	.98900	.98950	.98900	.98850	.98900	.99250
GCF_010093935.1_Zasce1_genomic	283753	283130	283168	283176	283421	283382	1706074	.98950	.98750	.98750	.98750	.98800	.98800	.98500
GCF_010094035.1_Trepe1_genomic	1701844	1701522	1698955	1698237	1698658	591439	589541	.98250	.98200	.98050	.98000	.98050	.98600	.98300
GCF_010094085.1_Wesor1_genomic	589539	589022	589041	589091	2202641	2196825	2196716	.98300	.98200	.98200	.98200	.99100	.98800	.98800
GCF_010094145.1_Didex1_genomic	2194395	2193797	2194368	678020	676301	676357	676010	.98700	.98700	.98700	.99150	.98900	.98950	.98900
GCF_010724455.1_ASM1072445v1_genomic	676027	676074	770071	769460	768062	767180	766720	.98850	.98900	.97350	.97300	.97100	.97000	.96950
GCF_011074865.1_ASM1107486v2_genomic	767155	2421858	2418192	2416743	2413824	2412157	2412888	.97000	.98150	.98000	.97950	.97800	.97750	.97750
GCF_011075155.1_ASM1107515v1_genomic	211192	210701	210474	210417	210447	210539	210510	.98750	.98500	.98400	.98350	.98350	.98400	.98400
GCF_011692745.1_ASM1169274v1_genomic	37010	36933	36385	36438	36328	36454	36447	.94600	.94350	.92950	.93100	.92750	.93000	.92950
GCF_011745365.1_Crypa2_genomic	1451239	1451399	1445676	1440072	1436871	1437937	680706	.97850	.97850	.97450	.97100	.96850	.96950	.98900
GCF_011947395.1_ASM1194739v2_genomic	679097	678954	678495	678453	678557	399265	401932	.98650	.98650	.98600	.98600	.98600	.89550	.90150
GCF_012550715.1_ASM1255071v1_genomic	394789	392103	390537	391681	391388	957099	956744	.88550	.87950	.87600	.87850	.87750	.98050	.98000
GCF_012971845.1_ASM1297184v1_genomic	952098	949323	947522	949014	948675	677788	676339	.97550	.97250	.97050	.97200	.97200	.98250	.98050
GCF_013036055.1_ASM1303605v1_genomic	676202	675830	675782	675954	676044	507535	507457	.98050	.98000	.97950	.98000	.98000	.97500	.97450
GCF_013340325.1_ASM1334032v1_genomic	504246	501809	500345	502428	502193	677664	676832	.96850	.96400	.96100	.96500	.96450	.97500	.97400
GCF_013368755.1_ASM1336875v1_genomic	675903	675082	674806	675114	675119	3186533	3181140	.97250	.97150	.97100	.97150	.97150	.98000	.97800
GCF_013390185.1_ASM1339018v1_genomic	3179804	3175643	3172918	3173808	600813	608015	587548	.97750	.97650	.97550	.97600	.91750	.92850	.89750
GCF_013390195.1_ASM1339019v1_genomic	576087	568859	573508	1111100	1109022	1108532	1107189	.88000	.86900	.87600	.99100	.98900	.98850	.98750
GCF_013396075.1_ASM1339607v1_genomic	1106834	1107291	1107422	630416	628718	628737	628438	.98700	.98750	.98750	.99150	.98900	.98900	.98850
GCF_013396195.1_ASM1339619v1_genomic	628447	628519	628644	1415183	1411904	1411364	1410409	.98850	.98850	.98900	.99050	.98800	.98750	.98700
GCF_013402915.1_ASM1340291v1_genomic	1409964	1410043	544607	544359	542515	541528	541014	.98650	.98650	.97750	.97700	.97400	.97200	.97100
GCF_013461495.1_Bfra_R1V1_genomic	540261	540733	1463520	1460094	1459551	1457943	1457568	.96950	.97050	.99000	.98750	.98750	.98650	.98600
GCF_014066305.1_Lecol_v1.0_genomic	1457995	426266	427188	423794	421746	420755	421333	.98650	.93300	.93500	.92750	.92350	.92100	.92250
GCF_014066315.1_Lelup_v1.1_genomic	421386							.92250						
